id,title,sector_name,administrative_level,estimated_cost,investment_status,project_status,category,sub_sector
1017,"1) Amélioration des conditions de travail des élèves et enseignants à travers la construction d’un module de trois de classe + bureau et magasin, Équipement et/ou acquisitions diverses  à l'EPP Kompa",Autre,BANIZOUMBOU,5000000,p,N,Education,Bureau d'école primaire
1027,"1) Amélioration des conditions de travail des élèves et enseignants à travers la construction d’un module de trois de classe + bureau et magasin, Équipement et/ou acquisitions diverses  pour l’EPP Chagarana",Autre,DANGAZORI,5000000,p,N,Education,Bureau d'école primaire
1186,1-Amélioration des revenus des communautés à travers le réaménagement de l’embarcadère de Zongo et celui de Fada,Autre,MADÉCALI-ZONGO,5000000,p,N,Infrastructure marchande,Hangar de marché
2710,1-Amenagement la piste Marché Badjoudè- Bissetou-marché d'Anoum et contruire toutes  les infrastructures de franchissement nécessaires,Autre,BISSÉTOUGOU,5000000,p,N,Infrastructure marchande,Hangar de marché
2715,"1-Amenager la piste de déserte rurale reliant le marché de Badjoudè, Kakpala et Pamou et réaliser  tous les ouvrages  de franchissement facilitant l'accès des agriculteurs de Kakpala à leur fermes situées à Pamou",Autre,KAKPALA,5000000,p,N,Infrastructure marchande,Hangar de marché
1201,1-Augmenter le périmètre de l’aire de pâturage réservée aux éleveurs et y faire des forages avec abreuvoirs,Autre,KASSA,5000000,p,N,Accès à l'eau,Forage + abreuvoir
2705,"1- construction des pistes reliant Goufanrou Yakabissi , Hongon",Autre,HONGON,5000000,p,N,Transport rural (connectivité),Piste de desserte rurale
2324,1)  Construction d'un forage,Autre,WONKO DE NIKKI,5000000,p,N,Accès à l'eau,Forage simple
2442,"1)   Extension du réseau de l'AEV de Dôh pour desservir Dôh, Konkou, Kpankpannin et Dôh-Gando",Autre,DÔH,5000000,p,N,Accès à l'eau,Adduction d'eau villageoise (AEV)
1196,1- Réalisation d'une retenue d'eau pour abreuver les animaux,Autre,GODJÉKOARA,5000000,p,N,Production animale,Alimentation
1206,1- Réaliser une Adduction d’Eau Villageoise (AEV) avec bornes fontaines,Autre,KOUALÉROU,5000000,p,N,Accès à l'eau,Adduction d'eau villageoise (AEV)
1519,"1 ) Réalistion des forages dans chacune des localités de: 1 à Yètèrè, 1 à Moundonro, 1 à Papatia, 1 à Barikayérou, 1 à Béya,Daoura, 1 à Sobourarou Gah et 1 à bakouré",Autre,SAYAKROU – GAH,5000000,p,N,Accès à l'eau,Forage simple
1988,1) Traçagedesvonsdanslequartier,Autre,GANDO-GOUROU,5000000,p,N,Transport rural (connectivité),Piste de desserte rurale
2387,2,Autre,MAMASSY-PEULH,5000000,p,N,Autre,Autre
1989,2) Acquisition et installation de 30 lampadaires solaires photovoltaïques,Électrification rurale hors réseau,GANDO-GOUROU,5000000,p,N,Énergie et éclairage,Électrification rurale hors réseau
1197,2- Amélioration de l'accès à l'eau potable à travers la réalisation d’un (01) forage équipé de dispositif solaire plus château avec borne fontaine et système d'abreuvement,Autre,GODJÉKOARA,5000000,p,N,Accès à l'eau,Forage + abreuvoir
1028,2) Amélioration de l'accès à l'eau potable à travers la réalisation d’un (01) forage équipé de dispositif solaire plus château avec borne fontaine et système d'abreuvement à Soumè-Tounga au profit du village de Dangazori,Autre,DANGAZORI,5000000,p,N,Accès à l'eau,Forage + abreuvoir
1023,2) Amélioration de l'accès à l'eau potable à travers la réalisation d’un (01) forage équipé de dispositif solaire plus château avec borne fontaine et système d'abreuvement au profit du village de Goungoun-Béri,Autre,GOUNGOU-BÉRI,5000000,p,N,Accès à l'eau,Forage + abreuvoir
1018,2) Amélioration de l'accès à l'eau potable à travers la réhabilitation des bornes fontaines de Banizoumbou/ réalisation d’un (01) forage équipé de dispositif solaire plus château avec borne fontaine et système d'abreuvement à Banizoumbou,Autre,BANIZOUMBOU,5000000,p,N,Accès à l'eau,Forage + abreuvoir
7,2) Aménagement de la route et Construction d’un ouvrage de franchissement  sur la voie Anandana –Koubokouboré- Koukoulbendi -Chabi Kouma,Autre,KOUBOKOUBORÈ,5000000,p,N,Transport rural (connectivité),Piste de desserte rurale
22,"2) Aménagement de la route et Construction d’un ouvrage de franchissement sur la voie Pargoutè-Kèkouprè, Pargoutè-Sonafel",Autre,PARGOUTÈ,5000000,p,N,Transport rural (connectivité),Piste de desserte rurale
17,2) Aménagement de la route strèbi-N’dam-Gninékoué-Sola,Autre,N’DAM,5000000,p,N,Transport rural (connectivité),Piste de desserte rurale
2325,2)  Construction de la route Wonko-Nikki,Autre,WONKO DE NIKKI,5000000,p,N,Transport rural (connectivité),Piste de desserte rurale
2706,2- Electrification du village à travers l'installation des l'ampadaires solaire dans le village,Éclairage public solaire,HONGON,5000000,p,N,Énergie et éclairage,Éclairage public solaire
713,2-Installation de lampadaires pour léclairage public,Éclairage public solaire,KALALÉ-SESSOUAN,5000000,p,N,Énergie et éclairage,Éclairage public solaire
1187,2- Prolonger le branchement du réseau électrique de la SBEE existant au quartier Fada jusqu’à Zongo,Extension du réseau électrique,MADÉCALI-ZONGO,5000000,p,N,Énergie et éclairage,Extension du réseau électrique
2712,"2- Realiser cinq forages à Bissetoupour ,  améliorer  l'accès à l'eau potable à tous les ménages",Autre,BISSÉTOUGOU,5000000,p,N,Accès à l'eau,Forage simple
2711,"2- Realiser cinq forages à Bissetoupour ,  améliorer  l'accès à l'eau potable à tous les ménages",Autre,BISSÉTOUGOU,5000000,p,N,Accès à l'eau,Forage simple
2716,2- Réaliser les  forages hydrauliques améliorer l'accès de les ménages en eau potable,Autre,KAKPALA,5000000,p,N,Accès à l'eau,Forage simple
1198,3-Amélioration des conditions d’accessibilité à travers l’aménagement de la piste rurale de Kassa-Godjékoara d'un linéaire de 17Km,Autre,GODJÉKOARA,5000000,p,N,Transport rural (connectivité),Piste de desserte rurale
1019,3) Amélioration des conditions de production à travers l'aménagement du bafonds el la mise en place d'un système de Maitrise d'eau à Banizoumbou,Autre,BANIZOUMBOU,5000000,p,N,Production végétale,Aménagement
1029,3) Amélioration des conditions de sécurités à travers l'acquisition et l'installation de lampadaires solaires pour l'éclairage de Dangazori,Éclairage public solaire,DANGAZORI,5000000,p,N,Énergie et éclairage,Éclairage public solaire
1024,3) Amélioration des conditions de sécurités à travers l'acquisition et l'installation de lampadaires solaires pour l'éclairage de Goungoun-Béri,Éclairage public solaire,GOUNGOU-BÉRI,5000000,p,N,Énergie et éclairage,Éclairage public solaire
2326,3)    Besoin de couloir de passage et air de pâturage,Autre,WONKO DE NIKKI,5000000,p,N,Production animale,Aménagement
2707,3 -  Construction de deux écoles Gonkanin et Honka,Autre,HONGON,5000000,p,N,Education,Module de trois (3) salles de classes + bureau et magasins pour les écoles primaires
1223,3- Construction d’un Abattoire moderne équipé avec salle d’eau,Autre,GAROU-TÉDJI,5000000,p,N,Infrastructure marchande,Marché de bétail
1991,3)Constructiond’unesalled’hospitalisationplus équipement au niveau de la maternité de Bouca,Autre,GANDO-GOUROU,5000000,p,N,Santé,Lits de maternité et d'hospitalisation
1990,3)Constructiond’unmagasindewarrantagede 100 tonnes,Autre,GANDO-GOUROU,5000000,p,N,Infrastructure marchande,Magasin de stockage
2717,3- Construction d'un module de deux salles de classe plus bureau'magasin et équiper en mobiliers au profit de l'EcoleMarternell,Autre,KAKPALA,5000000,p,N,Education,Bureau d'école primaire
1207,3- Délimitation et sécurisation de l'aire de pâturage de Ifoulougou d'environ 80 ha,Autre,KOUALÉROU,5000000,p,N,Production animale,Aménagement
1203,3- Délimiter et sécuriser l'aire de pâturage de Gouré Dantché à Kassa d'environ 10 ha,Autre,KASSA,5000000,p,N,Production animale,Aménagement
724,3 -Installation de lampadaire pour léclairage public,Éclairage public solaire,DANGANZI,5000000,p,N,Énergie et éclairage,Éclairage public solaire
1204,4- Amélioration de l'accès à l'eau potable à travers la réalisation d’un (01) forage équipé de dispositif solaire plus château avec borne fontaine et système d'abreuvement au camp peulh Noussoukou,Autre,KASSA,5000000,p,N,Accès à l'eau,Forage + abreuvoir
1030,4) Amélioration de la connectivité à travers l'aménagement de la piste Dangazori - Banizoumbou,Autre,DANGAZORI,5000000,p,N,Transport rural (connectivité),Piste de desserte rurale
1025,4) Amélioration de la connectivité à travers l'aménagement des pistes Goungoun-Béri--Kompa et  Goungoun-Béri -- Garbé-Koara,Autre,GOUNGOU-BÉRI,5000000,p,N,Transport rural (connectivité),Piste de desserte rurale
1020,4) Amélioration de la connectivité à travers l'ouverture de  voie  Banizoumbou-Dangazori,Autre,BANIZOUMBOU,5000000,p,N,Transport rural (connectivité),Piste de desserte rurale
715,4-Aménagement de quatre VONS :Maison CHABI Sidi  Maison Alou DjermaEcole islamique  Maison MouidineMaison KAAZAN  Pavés Camp peulhEPP Kalalé - CPS,Autre,KALALÉ-SESSOUAN,5000000,p,N,Education,Module de trois (3) salles de classes + bureau et magasins pour les écoles primaires
2327,4)   construction des modules de classe,Autre,WONKO DE NIKKI,5000000,p,N,Education,Module de trois (3) salles de classes + bureau et magasins pour les écoles primaires
2722,4-Construire  un centre d'acceil et de séjour plus des infrastructures hygéniques  aux  accidentés venus à Titchakou pour  des soins  traditonnellement administrés,Autre,TCHITCHAKOU,5000000,p,N,Santé,Centre de santé d'arrondissement (CSA) ou Centre de santé de commune (CSC)
1926,4) Fourniture et installation de lampadaires solaires,Éclairage public solaire,TCHAPÉTA,5000000,p,N,Énergie et éclairage,Éclairage public solaire
2713,4- Installer  l'éclairage à base des lampadaires solaires,Éclairage public solaire,BISSÉTOUGOU,5000000,p,N,Énergie et éclairage,Éclairage public solaire
2718,4-Installer l'éclairage public à base  de lampadaires solaires,Éclairage public solaire,KAKPALA,5000000,p,N,Énergie et éclairage,Éclairage public solaire
1208,"4- Installer les lampadaires solaires à Koalérou centre et les hameaux Wadata, Détatchi, Fakara, Ifoulogou",Éclairage public solaire,KOUALÉROU,5000000,p,N,Énergie et éclairage,Éclairage public solaire
1210,"4- Installer les lampadaires solaires à Koalérou centre et les hameaux Wadata, Détatchi, Fakara, Ifoulogou",Éclairage public solaire,KOUALÉROU,5000000,p,N,Énergie et éclairage,Éclairage public solaire
2708,4-Mise en place d'un module de maternité dans l'anciente de l'Hôtipale,Autre,HONGON,5000000,p,N,Santé,Lits de maternité et d'hospitalisation
1215,5- Acquisition et installation de dix (10) lampadaires solaires pour l’éclairage public,Éclairage public solaire,GAROU-TÉDJI-GOROBANI,5000000,p,N,Énergie et éclairage,Éclairage public solaire
1205,5- Amélioration à l'accès aux soins à travers la construction et l'équipement d'une salle d’accouchement au centre de santé du village.,Autre,KASSA,5000000,p,N,Santé,Lits de maternité et d'hospitalisation
1209,5- Amélioration de l'accès à l'eau potable à travers la réalisation d’un (01) forage équipé de dispositif solaire plus château avec borne fontaine et système d'abreuvement à Ifoulougou,Autre,KOUALÉROU,5000000,p,N,Accès à l'eau,Forage + abreuvoir
1195,5- Amélioration de l'éclairage public et de la sécurité à Iloua à travers l'installation de quinze (15) lampadaires solaires,Éclairage public solaire,ILLOUA,5000000,p,N,Énergie et éclairage,Éclairage public solaire
1199,5- Amélioration des conditions de manipulations de la viande à travers la construction d’une aire d'abattage dans le marché,Autre,GODJÉKOARA,5000000,p,N,Infrastructure marchande,Marché de bétail
2709,5- construction des latrines,Autre,HONGON,5000000,p,N,Hygiène et assainissement (WASH),Blocs de latrines publiques modernes
2328,5) Construction d'un centre de santé,Autre,WONKO DE NIKKI,5000000,p,N,Santé,Centre de santé d'arrondissement (CSA) ou Centre de santé de commune (CSC)
1021,5) Construction et équipement de logements pour les enseignants de l'EPP de Kompa,Autre,BANIZOUMBOU,5000000,p,N,Education,Logement pour les enseignants du primaire
1026,5) Construction et équipement de logements pour les enseignants de l'EPP Goungoun-Béri,Autre,GOUNGOU-BÉRI,5000000,p,N,Education,Logement pour les enseignants du primaire
1031,5) Construction et équipement d’un centre de santé a Soumé-Tounga,Autre,DANGAZORI,5000000,p,N,Santé,Centre de santé d'arrondissement (CSA) ou Centre de santé de commune (CSC)
1992,5)Etudesetaménagementdel’axeBouca–PontOly,Autre,GANDO-GOUROU,5000000,p,N,Transport rural (connectivité),Piste de desserte rurale
2714,5-  Installer les forages agropastoraux,Autre,BISSÉTOUGOU,5000000,p,N,Accès à l'eau,Forage simple
1200,5-Réaliser et équiper un forage au campement Doka héri,Autre,GODJÉKOARA,5000000,p,N,Accès à l'eau,Forage simple
2622,Accès à  eau potable,Autre,SONNOUGOBÉROU,5000000,p,N,Accès à l'eau,Forage simple
2335,Accès  à  l'eau  potable,Autre,GOUNIN DE PARAKOU1,5000000,p,N,Accès à l'eau,Forage simple
2627,Accès à l’eau potable,Autre,POUPOURÉ,5000000,p,N,Accès à l'eau,Forage simple
2626,Accès à l’eau potable,Autre,NIARO-GNINON,5000000,p,N,Accès à l'eau,Forage simple
2625,Accès à l’eau potable,Autre,NIARISSINRA,5000000,p,N,Accès à l'eau,Forage simple
2623,Accès à l’eau potable,Autre,BOROUKOU-PEULH,5000000,p,N,Accès à l'eau,Forage simple
2663,Accès à l'eau potable (Forages),Autre,TOUKOUNTOUNA,5000000,p,N,Accès à l'eau,Forage simple
1486,Accès à l'éducation de qualité,Autre,GNÉMASSON-GANDO,5000000,p,N,Education,Module de trois (3) salles de classes + bureau et magasins pour les écoles primaires
56,ACCÈS À L'ÉLECTRIFICATION RURALE DNS LA COMMUNAUTÉ ET SURTOUT AU CAMP PEULH,Électrification rurale hors réseau,TALINTA,5000000,p,N,Énergie et éclairage,Électrification rurale hors réseau
1317,Acquisition de lampadaire solaire,Éclairage public solaire,WOURO-YESSO,5000000,p,N,Énergie et éclairage,Éclairage public solaire
1292,Acquisition de lampadaire solaire,Éclairage public solaire,GALIEL,5000000,p,N,Énergie et éclairage,Éclairage public solaire
1308,Acquisition de lampadaire solaire pour l'éclairage public,Éclairage public solaire,KOTCHI,5000000,p,N,Énergie et éclairage,Éclairage public solaire
1290,Acquisition de lampadaire solaire pour l'éclairage public,Éclairage public solaire,BODJÉCALI,5000000,p,N,Énergie et éclairage,Éclairage public solaire
1315,Acquisition de lampadaire solaire pour l'éclairage public,Éclairage public solaire,WOLLO,5000000,p,N,Énergie et éclairage,Éclairage public solaire
1298,Acquisition de lampadaire solaire pour l'éclairage public,Éclairage public solaire,TASSI-TÉDJI-BOULANGA,5000000,p,N,Énergie et éclairage,Éclairage public solaire
427,Acquisition de lampadaires solaire au CEG,Éclairage public solaire,GNONKOURAKALI,5000000,p,N,Énergie et éclairage,Éclairage public solaire
2579,Acquisition de matériels et équipements d'assainissement au profit de la communauté,Autre,PÉTONI-POHO- PARTAGO,5000000,p,N,Hygiène et assainissement (WASH),Blocs de latrines publiques modernes
1760,"Acquisition de matériels et équipements d’assainissements (balaies, râteaux, pelles pour l’entretien des caniveaux, poubelles et de tricycle pour le ramassage des ordures) au profit de la communauté de Zongo",Autre,ZONGO DE DJOUGOU1,5000000,p,N,Hygiène et assainissement (WASH),Blocs de latrines publiques modernes
1761,"Acquisition de matériels et équipements d’assainissements (balaies, râteaux, pelles pour l’entretien des caniveaux, poubelles et de tricycle pour le ramassage des ordures) au profit de la communauté de Zongo",Autre,ZONGO DE DJOUGOU1,5000000,p,N,Hygiène et assainissement (WASH),Blocs de latrines publiques modernes
1313,Acquisition de panneaux solaires,Électrification rurale hors réseau,WOLLO,5000000,p,N,Énergie et éclairage,Électrification rurale hors réseau
444,Acquisition des panneaux solaires publics,Électrification rurale hors réseau,WOROUMANGASSAROU,5000000,p,N,Énergie et éclairage,Électrification rurale hors réseau
227,Acquisition du matériels et équipements au profit de dispensaire isolé de Diépani-Balimboli,Autre,DIÉPANI-BALIMBOLI,5000000,p,N,Santé,Dispensaire isolé
1230,Acquisition et installation de 10 lampadaires solaires pour l’éclairage publique,Éclairage public solaire,DJINDÉGABI-TOUNGA,5000000,p,N,Énergie et éclairage,Éclairage public solaire
2669,Acquisitionetinstallationde15lampadairessolai,Éclairage public solaire,ADA-KPANÉ,5000000,p,N,Énergie et éclairage,Éclairage public solaire
1243,Acquisition et installation de 15 lampadaires solaires pour l'éclairage,Éclairage public solaire,WOLLO-CHÂTEAU,5000000,p,N,Énergie et éclairage,Éclairage public solaire
1252,Acquisition et installation de 15 lampadaires solaires pour l'éclairage public,Éclairage public solaire,TASSI-TÉDJI-BANIZOUNBOU,5000000,p,N,Énergie et éclairage,Éclairage public solaire
1237,Acquisition et installation de 15 lampadaires solaires pour l'éclairage public,Éclairage public solaire,TASSI-DJINDÉ,5000000,p,N,Énergie et éclairage,Éclairage public solaire
1263,Acquisition et installation de 15 lampadaires solaires pour l'éclairage public,Éclairage public solaire,TASSI-TÉDJI,5000000,p,N,Énergie et éclairage,Éclairage public solaire
1257,Acquisition et installation de 15 lampadaires solaires pour l'éclairage public,Éclairage public solaire,BODJÉCALI-CHÂTEAU,5000000,p,N,Énergie et éclairage,Éclairage public solaire
1250,Acquisition et installation de 15 lampadaires solaires pour l'éclairage public,Éclairage public solaire,GOLOBANDA,5000000,p,N,Énergie et éclairage,Éclairage public solaire
2691,Acquisition et  installation de 25 lampadaires solaires photovoltaïques,Électrification rurale hors réseau,GBÉROUGBASSI,5000000,p,N,Énergie et éclairage,Électrification rurale hors réseau
1273,Acquisition et installation de 30 lampadaires solaires pour l'éclairage public,Éclairage public solaire,SAKAWAN-ZÉNON,5000000,p,N,Énergie et éclairage,Éclairage public solaire
1278,Acquisition et installation de 30 lampadaires solaires pour l'éclairage public,Éclairage public solaire,GOROU-DJINDÉ,5000000,p,N,Énergie et éclairage,Éclairage public solaire
1996,Acquisition et installation de 35 lampadaires solaires photovoltaïques,Électrification rurale hors réseau,GNEL-BOUCATOU,5000000,p,N,Énergie et éclairage,Électrification rurale hors réseau
2676,Acquisitionetinstallationde35lampadairessolaires photovoltaïques,Électrification rurale hors réseau,BESSASSI-BOUCA,5000000,p,N,Énergie et éclairage,Électrification rurale hors réseau
2684,Acquisition et installation de 40 lampadaires solaires photovoltaïques,Électrification rurale hors réseau,GBASSI,5000000,p,N,Énergie et éclairage,Électrification rurale hors réseau
2680,Acquisitionetinstallationde40lampadairessolaires photovoltaïques,Électrification rurale hors réseau,BOUCA-WOOROU,5000000,p,N,Énergie et éclairage,Électrification rurale hors réseau
1984,Acquisition et installation de 50 lampadaire solaires photovoltaïques,Électrification rurale hors réseau,BOUCA,5000000,p,N,Énergie et éclairage,Électrification rurale hors réseau
2413,Acquisition et installation de lampadaire solaire à Kéné-Tounga et campement,Éclairage public solaire,KÉNÉ-TOUNGA,5000000,p,N,Énergie et éclairage,Éclairage public solaire
1303,Acquisition et installation de lampadaires solaires,Éclairage public solaire,TASSI-ZÉNON,5000000,p,N,Énergie et éclairage,Éclairage public solaire
621,Acquisition et installation de lampadaires solaires dans le village tasso,Éclairage public solaire,TASSO,5000000,p,N,Énergie et éclairage,Éclairage public solaire
1004,Acquisition et installation des lampadaire solaire,Éclairage public solaire,LOUMBOU-LOUMBOU,5000000,p,N,Énergie et éclairage,Éclairage public solaire
1008,Acquisition et installation des lampadaire solaire à machayan-Marché,Autre,MACHAYAN-MARCHÉ,5000000,p,N,Infrastructure marchande,Hangar de marché
992,Acquisition et installation des lampadaires solaire à Goroukambou,Éclairage public solaire,GOROUKAMBOU,5000000,p,N,Énergie et éclairage,Éclairage public solaire
195,Acquisition et installation des lampadaires solaires,Éclairage public solaire,IGBOMAKRO,5000000,p,N,Énergie et éclairage,Éclairage public solaire
829,Acquisition et installation des lampadaires solaires,Éclairage public solaire,WÉKÉTÈRÈ,5000000,p,N,Énergie et éclairage,Éclairage public solaire
690,Acquisition et installation des lampadaires solaires à guinma,Éclairage public solaire,GUEMA,5000000,p,N,Énergie et éclairage,Éclairage public solaire
693,Acquisition et installation des lampadaires solaires à Guinrou,Éclairage public solaire,GUINROU,5000000,p,N,Énergie et éclairage,Éclairage public solaire
1000,Acquisition et Installation des lampadaires solaires à Kargui,Éclairage public solaire,KARIGUI,5000000,p,N,Énergie et éclairage,Éclairage public solaire
701,Acquisition et installation des panneaux solaires à guinrou peulh,Électrification rurale hors réseau,GUINROU-PEULH,5000000,p,N,Énergie et éclairage,Électrification rurale hors réseau
951,Acquisition et pose de 20 lampadaire solaire au profit du village,Éclairage public solaire,WARIKPA,5000000,p,N,Énergie et éclairage,Éclairage public solaire
535,Acquisitions d'équipements et matériaux médicaux avec lampadaire et panneaux solaires photovoltaïques au centre de santé de Nassy,Autre,NASSY,5000000,p,N,Santé,Centre de santé d'arrondissement (CSA) ou Centre de santé de commune (CSC)
826,Acquisitions des lampadaires solaire,Éclairage public solaire,FOMBAWI,5000000,p,N,Énergie et éclairage,Éclairage public solaire
1575,Aires de pâturage,Autre,OTANONGOU,5000000,p,N,Production animale,Aménagement
2199,Âme la piste (Gnalo -Atchakitam-Kaleba) longue de 13km et réaliser toutes les infrastructures de franchissement,Autre,ATCHAKITAM,5000000,p,N,Transport rural (connectivité),Piste de desserte rurale
2729,Amelioration à l’accès à l’eau,Autre,TORA,5000000,p,N,Autre,Autre
948,"Amélioration à l'accès à l'eau potable a travers la réalisation d'un point d'eau autonome pour desservir les localités de Aladji mama, koukouri, Gbékpanin et watahi",Autre,KINNOU-KPAROU,5000000,p,N,Accès à l'eau,Poste d'eau autonome (PEA)
942,Amélioration à l'accès à l'eau potable a travers la réalisation d'un point d'eau autonome pour desservir les localités de Tico koukouri et Gbékpanin,Autre,SAKANA- KPÉBA,5000000,p,N,Accès à l'eau,Poste d'eau autonome (PEA)
393,Amélioration à l'accès à l'eau potable dans le village de Gouré Baba à travers la réalisation de quatre postes d'Eau autonome à Guiribé et Gouré Baba,Autre,GOURE BABA,5000000,p,N,Accès à l'eau,Forage simple
374,Amélioration à l'accès à l'eau potable dans le village de l'alafiarou à travers la réalisation d'un poste d'eau autonome à l'Alafiarou,Autre,ALAFIAROU DE OUENOU,5000000,p,N,Accès à l'eau,Poste d'eau autonome (PEA)
390,Amélioration à l'accès à l'eau potable dans le village Gotel à travers l'installation d'un poste d'eau autonome,Autre,GOTEL,5000000,p,N,Accès à l'eau,Poste d'eau autonome (PEA)
551,Amélioration à l’alimentation des animaux et aux soins de santé à travers l’acquisition de plantes fourragère et des kits de soins vétérinaire pour les animaux  du village,Autre,KOUKOUMBOU,5000000,p,N,Santé,Centre de santé d'arrondissement (CSA) ou Centre de santé de commune (CSC)
376,Amélioration à travers à la santé publique à travers la construction de maternité dans le centre de santé de fombawi,Autre,ALAFIAROU DE OUENOU,5000000,p,N,Santé,Lits de maternité et d'hospitalisation
132,Amélioration d’accès à l’eau potable à travers la réalisation de forage d’eau potable,Autre,TÈKÈ-TÉROU,5000000,p,N,Accès à l'eau,Forage simple
128,Amélioration d’accès à l’eau potable à travers la réalisation d’un forage,Autre,IGBÈRÈ,5000000,p,N,Accès à l'eau,Forage simple
391,Amélioration d'éclairage public dans Gotel à travers l'installation d'un champ scolaire dans le village,Autre,GOTEL,5000000,p,N,Education,Infrastructures d'éclairage scolaires + équipements
402,Amélioration d'éclairage public dans Tchikandou à travers l'installation d'un champ scolaire dans le village,Autre,TCHICANDOU,5000000,p,N,Education,Infrastructures d'éclairage scolaires + équipements
2143,Amélioration de connectivité entre Itchèlli et kpaouya à travers l’aménagement de la route les reliant,Autre,ITCHÈLLI,5000000,p,N,Transport rural (connectivité),Piste de desserte rurale
2329,Amélioration  de l'accès  à  l'eau,Autre,GAANON,5000000,p,N,Accès à l'eau,Forage simple
2314,Amélioration de l’accès à l’eau à travers la réalisation de 04 Forages équipés d’un dispositif solaire,Autre,KPÉBIÉ DE PARAKOU1,5000000,p,N,Accès à l'eau,Forage simple
870,Amélioration de l'accès à l'eau à travers la réalisation de 3 forages,Autre,KABASSIRA,5000000,p,N,Accès à l'eau,Forage simple
2319,Amélioration de l’accès à l’eau à travers la réalisation de trois forages,Autre,OUÉZÉ,5000000,p,N,Accès à l'eau,Forage simple
553,Amélioration de l’accès à l'eau à travers la réalisation d'ouvrage de franchissement,Autre,SANRÉKOU,5000000,p,N,Accès à l'eau,Forage simple
2288,Amélioration de l'accès à l'eau à travers la réalisation d'un point d'eau multifonctionnel,Autre,SANDILO,5000000,p,N,Accès à l'eau,Forage simple
2283,Amélioration de l'accès à l'eau à travers la réalisation d'un point d'eau multifonctionnel,Autre,ASSAGNAHOUN,5000000,p,N,Accès à l'eau,Forage simple
581,Amélioration de l'accès à l'eau à travers la réalisation d'un point d'eau multifonctionnel,Autre,DIGUIDIROU,5000000,p,N,Accès à l'eau,Forage simple
554,"Amélioration de l’accès à l'eau à travers la réalisation d'un point d'eau multifonctions ( 01 forage équipés de dispositifs solaires plus château d'eau,  PEA et bonne fontaine dans les hameaux dans 4 hameaux",Autre,SANDILO-GANDO,5000000,p,N,Accès à l'eau,Poste d'eau autonome (PEA)
70,Amélioration de l’accès à l’eau aux ménages de Kawado à l’aide d’un forage pour réduire les peines des femmes liées à l’approvisionnement en eau potable,Autre,KAWADO,5000000,p,N,Accès à l'eau,Forage simple
2037,Amélioration de l’accès à l’eau potable,Autre,KILIR,5000000,p,N,Accès à l'eau,Forage simple
233,Amélioration de l’accès à l’eau potable,Autre,TIMTIM-BONGO,5000000,p,N,Accès à l'eau,Forage simple
2580,Amélioration de l’accès à l’eau potable,Autre,PÉTONI-POHO- PARTAGO,5000000,p,N,Accès à l'eau,Forage simple
2550,Amélioration de l’accès à l’eau potable,Autre,KOTOTOUGOU,5000000,p,N,Accès à l'eau,Forage simple
2095,Amélioration de l’accès à l’eau potable,Autre,AWANLA,5000000,p,N,Accès à l'eau,Forage simple
887,Amélioration de l'accès à l'eau potable à travers la construction d'un forage,Autre,KADÉRA,5000000,p,N,Accès à l'eau,Forage simple
585,Amélioration de l'accès à l'eau potable à travers la réalisation d'un point d'eau multifonctionnel,Autre,DIGUIDIROU -PEULH,5000000,p,N,Accès à l'eau,Forage simple
2246,Amélioration de l’accès à l’eau potable au profit de la communauté,Autre,BATOULOU MOUNLA,5000000,p,N,Accès à l'eau,Forage simple
2223,Amélioration de l’accès à l’eau potable au profit de la communauté,Autre,DJAKPINGOU,5000000,p,N,Accès à l'eau,Forage simple
2241,Amélioration de l’accès à l’eau potable au profit de la communauté,Autre,LÉMAN-MANDÈ,5000000,p,N,Accès à l'eau,Forage simple
2229,Amélioration de l’accès à l’eau potable au profit de la communauté,Autre,KPARSI,5000000,p,N,Accès à l'eau,Forage simple
237,Amélioration de l’accès à l’eau potable au profit de la communauté,Autre,KPATOUHOU,5000000,p,N,Accès à l'eau,Forage simple
2234,Amélioration de l’accès à l’eau potable au profit de la communauté,Autre,LÉMAN-BOGOU,5000000,p,N,Accès à l'eau,Forage simple
2257,Amélioration de l’accès à l’eau potable au profit de la communauté,Autre,FORMAGAZI,5000000,p,N,Accès à l'eau,Forage simple
2260,Amélioration de l’accès à l’eau potable au profit de la communauté de Servessi,Autre,SEHVESSI,5000000,p,N,Accès à l'eau,Forage simple
2180,Amélioration de l'accès à l'eau potable aux ménages à travers la réalisation d'un forage pour réduire les peines des femmes à l'approvisionnement en eau,Autre,GAO,5000000,p,N,Accès à l'eau,Forage simple
2170,Amélioration de l'accès à l'eau potable aux ménages à travers la réalisation d'un forage pour réduire les peines des femmes dues à l'approvisionnement en eau,Autre,AGUÉOU-GARBA,5000000,p,N,Accès à l'eau,Forage simple
2189,Amélioration de l'accès à l'eau potable aux ménages à travers la réalisation d'un forage pour réduire les peines des femmes dues à l'approvisionnement en eau,Autre,KAKPÉSSIA,5000000,p,N,Accès à l'eau,Forage simple
2175,Amélioration de l'accès à l'eau potable aux ménages à travers la réalisation d'un forage pour réduire les peines des femmes dues à l'approvisionnement en eau,Autre,AWOTOBI,5000000,p,N,Accès à l'eau,Forage simple
2184,Amélioration de l'accès à l'eau potable aux ménages dont le complexe scolaire (EPP/EM) à travers la réalisation d'un forage pour réduire les peines des femmes et des apprenants dues à l'approvisionnement en eau,Autre,KAGNIFÊLÊ,5000000,p,N,Accès à l'eau,Forage simple
2416,Amélioration de l'accès à l'eau potable dans la communauté  à travers la réalisation de  forages  équipé de dispositif solaire plus château et borne fontaine à Bongnami et bonwalou,Autre,BONGNAMI,5000000,p,N,Accès à l'eau,Forage simple
2415,Amélioration de l'accès à l'eau potable dans la communauté de  Fandou à travers la réalisation de  forage équipé de dispositif solaire plus château et borne fontaine,Autre,FANDOU,5000000,p,N,Accès à l'eau,Forage simple
2414,Amélioration de l'accès à l'eau potable dans la communauté de Goumbitchigoura à travers la réalisation de  forages équipé de dispositif solaire plus château et borne fontaine à Tondibanda et à côté de la mosquée de Goumbitchigoura,Autre,GOUMBITCHIGOURA,5000000,p,N,Accès à l'eau,Forage simple
2418,"Amélioration de l'accès à l'eau potable dans la communauté de Pétchinga à travers la réalisation de  forage équipé de dispositif solaire plus château et borne fontaine à Tandigamey, Danaï et Pétchinga",Autre,PÉTCHINGA,5000000,p,N,Accès à l'eau,Forage simple
398,"Amélioration de l'accès à l'eau potable dans le village de Tchikandou à la réalisation de 5 poste d'eau autonome à Dagourou sonkorou, gamaro,Djantcha et nama",Autre,TCHICANDOU,5000000,p,N,Accès à l'eau,Poste d'eau autonome (PEA)
1758,Amélioration de l’accès à l’eau potable (Forage équipé de dispositif solaire plus château d'eau et bornes fontaines) au profit de la communauté de Gorobani,Autre,PÉTONI-POHO-GOROBANI,5000000,p,N,Accès à l'eau,Forage simple
1762,Amélioration de l’accès à l’eau potable (Forage équipé de dispositif solaire plus château d'eau et bornes fontaines) au profit de la communauté de Zongo,Autre,ZONGO DE DJOUGOU1,5000000,p,N,Accès à l'eau,Forage simple
2126,"Amélioration de l’accès à l’eau potable par les agriculteurs et éleveurs de kpéli-Fada à travers l’Amélioration d’une retenue d’eau, la délimitation d’un couloir de passage des bœufs et d’une aire de pâturage pour les bœufs",Autre,KPÉLI-FADA,5000000,p,N,Accès à l'eau,Forage simple
2333,Amélioration  de l'accès  à  l'éducation,Autre,GOUNIN DE PARAKOU1,5000000,p,N,Education,Module de trois (3) salles de classes + bureau et magasins pour les écoles primaires
2309,Amélioration de l'accès à l'éducation à travers la construction d'une clôture de l'école primaire publique de Madina,Autre,MADINA DE PRKOU1,5000000,p,N,Education,Clôture de collèges et lycées
587,Amélioration de l'accès à l'éducation à travers la construction d'un module de trois salles de classes à l'EPP Namoin,Autre,DIGUIDIROU -PEULH,5000000,p,N,Education,Module de trois (3) salles de classes + bureau et magasins pour les écoles primaires
580,Amélioration de l'accès à l'éducation à travers la construction d'un module de trois salles de classes plus bureau magasin,Autre,DIGUIDIROU,5000000,p,N,Education,Bureau d'école primaire
889,Amélioration de l'accès à l'éducation à travers la l'acquisition de mobilier pour l'école maternelle de Madina,Autre,KADÉRA,5000000,p,N,Education,Module de deux (2) salles de classe pour les écoles maternelles
2136,Amélioration de l’accès à l’éducation de qualité aux meilleurs conditions d’apprentissage de la petite enfance l’école maternelle de N’djakada à travers la construction d’une infrastructure de qualité fondamentale,Autre,N’DJAKADA,5000000,p,N,Education,Module de deux (2) salles de classe pour les écoles maternelles
2134,Amélioration de l’accès à l’éducation de qualité aux meilleurs conditions d’apprentissage des apprenants l’école Primaire de gnangba-kabia à travers la réalisation d’une infrastructure de qualité fondamentale,Autre,GNANGBA KABIA,5000000,p,N,Education,Module de trois (3) salles de classes + bureau et magasins pour les écoles primaires
2128,Amélioration de l’accès à l’éducation de qualité et aux meilleur conditions d’apprentissage de la petite enfance l’école maternelle de Troucarré à travers la construction d’une infrastructure de qualité fondamentale,Autre,TROUCARÉ-BAS,5000000,p,N,Education,Module de deux (2) salles de classe pour les écoles maternelles
2179,Amélioration de l'accès à l'éducation de qualité et aux meilleurs conditions d'apprentissage de la petite enfance à travers la construction d'une infrastructure de qualité fondamentale à l'école maternelle de Gao,Autre,GAO,5000000,p,N,Education,Module de deux (2) salles de classe pour les écoles maternelles
2124,Amélioration de l’accès à l’éducation de qualité et aux meilleurs conditions d’apprentissage des apprenants à travers la construction d’une infrastructure de qualité fondamentale,Autre,KPÉLI-FADA,5000000,p,N,Education,Module de trois (3) salles de classes + bureau et magasins pour les écoles primaires
2132,Amélioration de l’accès à l’éducation de qualité et aux meilleurs conditions d’apprentissage des apprenants de l’école Primaire Publique de Gbaou à travers la réalisation d’une infrastructure de qualité fondamentale,Autre,GBAOU,5000000,p,N,Education,Module de trois (3) salles de classes + bureau et magasins pour les écoles primaires
2138,Amélioration de l’accès à l’éducation de qualité et aux meilleurs conditions d’apprentissage des élèves à travers la construction de modules de classes au profit du CEG Allindaou,Autre,N’DJAKADA,5000000,p,N,Education,Salles de classes pour les collèges et lycées
2188,Amélioration de l'accès à l'éducation de qualité et meilleurs conditions d'apprentissage des apprenants du CEG ALINDAOU à travers la construction d'une infrastructure de qualité fondamentale,Autre,KAGNIFÊLÊ,5000000,p,N,Education,Salles de classes pour les collèges et lycées
2311,"Amélioration de l'accès à lla santé à travers la dotation des équipements tel que les lits, matelas...au centre de santé de Madina",Autre,MADINA DE PRKOU1,5000000,p,N,Santé,Lits de maternité et d'hospitalisation
2190,Amélioration de l'accès au centre de santé et de maternité de Gbaou aux membres de la communauté de kakpessia à travers l'aménagement de la connectivité entre kakpessia et le centre de santé de Gbaou distant de 7 km,Autre,KAKPÉSSIA,5000000,p,N,Santé,Lits de maternité et d'hospitalisation
886,"Amélioration de l'accès au piste à travers l'aménagement de la von ABDOULAYE ISSA, von du début de la mosquée de Kadera à fin pavé zazira, Rue en T de Chidiack Lolo",Autre,KADÉRA,5000000,p,N,Transport rural (connectivité),Piste de desserte rurale
2191,Amélioration de l'accès au soin de qualité à travers l'aménagement de la route kakpessia - centre de santé de Gbaou long de 6 km avec les points d'affranchissement sur le marigot Okpounakolo et la rivière Tou,Autre,KAKPÉSSIA,5000000,p,N,Santé,Lits de maternité et d'hospitalisation
2142,Amélioration de l’accès au soin de santé au profit des ménages de Itchèlli à travers la construction construction d’un centre de santé isolé,Autre,ITCHÈLLI,5000000,p,N,Santé,Centre de santé d'arrondissement (CSA) ou Centre de santé de commune (CSC)
2384,Amélioration de l'accès au soins au centre de santé de karimama à travers là construction d'une salle d'hospitalisation,Autre,KARIMAMA-BATOUMA-BÉRI,5000000,p,N,Santé,Lits de maternité et d'hospitalisation
2137,Amélioration de l’accès au soins de proximité à travers la construction d'un centre de santé isolé et équipé au profit de la communauté de N’djakada,Autre,N’DJAKADA,5000000,p,N,Santé,Centre de santé d'arrondissement (CSA) ou Centre de santé de commune (CSC)
2135,Amélioration de l’accès au soins de proximité à travers la construction d’un centre de santé sanitaire isolé et équipé au profit de la communauté de Gnangba-kabia,Autre,GNANGBA KABIA,5000000,p,N,Santé,Centre de santé d'arrondissement (CSA) ou Centre de santé de commune (CSC)
557,Amélioration de l’accès au soins de santé à travers l’extension  et réhabilitation du centre de santé de Sandilo,Autre,SANDILO-GANDO,5000000,p,N,Santé,Lits de maternité et d'hospitalisation
2141,Amélioration de l’accès aux meilleurs conditions d’apprentissage à travers la construction d’une infrastructure de qualité fondamentale dans l’école Primaire Publique de Adedewo,Autre,ADÉDÉWO,5000000,p,N,Education,Module de trois (3) salles de classes + bureau et magasins pour les écoles primaires
876,Amélioration de l'accès aux ouvrages de franchissement à travers l'aménagement du pont bel air et du pont derrière Epp Abdoulaye ISSA,Autre,BAKINKOURA,5000000,p,N,Education,Module de trois (3) salles de classes + bureau et magasins pour les écoles primaires
871,"Amélioration de l'accès aux pistes à travers l'aménagement de la von "" début Kadera, fin kabassira""",Autre,KABASSIRA,5000000,p,N,Transport rural (connectivité),Piste de desserte rurale
2374,Amélioration de l'accès aux soins à la maternité du centre de santé de karimama à travers la construction d'une salle d'hospitalisation plus équipements au profit des acvouchés,Autre,FAKARA,5000000,p,N,Santé,Lits de maternité et d'hospitalisation
2131,Amélioration de l’accès aux soins de qualité à travers la mise aux normes du centre de santé et de la maternité de Gbaou,Autre,GBAOU,5000000,p,N,Santé,Lits de maternité et d'hospitalisation
2178,Amélioration de l'accès aux soins de qualité à travers la mise aux normes et l'équipement en matériel adéquat du centre de santé afin d'améliorer la prise en charge des usagers,Autre,AWOTOBI,5000000,p,N,Santé,Lits de maternité et d'hospitalisation
2291,Amélioration de l'accès aux soins de santé à travers l'extension et réhabilitation du centre de santé de Sandilo,Autre,SANDILO,5000000,p,N,Santé,Lits de maternité et d'hospitalisation
72,Amélioration de l’accès aux soins de santé et de maternité de Madjatom à travers la mise aux normes du dispensaire et de la maternité,Autre,MADJATOM,5000000,p,N,Santé,Dispensaire isolé
64,Amélioration de l’accès aux soins de santé et de maternité de Tachalinga à  travers la mise aux normes du dispensaire et de la maternité,Autre,TCHALINGA,5000000,p,N,Santé,Dispensaire isolé
550,Amélioration de l’accès aux soins de santé  et du niveau  d'équipements du centre de santé de Boro,Autre,KOUKOUMBOU,5000000,p,N,Santé,Centre de santé d'arrondissement (CSA) ou Centre de santé de commune (CSC)
2310,"Amélioration de l'accès aux voies à travers l'aménagement de la von allant de l'école Madina jusqu'à la buvette wegou-wegou, von face commissariat de Madina, von des toilettes de l'EPP Madina jusqu'à derrière commissariat, von El hadj Onedern",Autre,MADINA DE PRKOU1,5000000,p,N,Education,Module de trois (3) salles de classes + bureau et magasins pour les écoles primaires
882,Amélioration de l'accès de la voie en face de la buvette California jusqu'au bafond,Autre,BOUNDAROU,5000000,p,N,Production végétale,Aménagement
2375,Amélioration de la connectivité à travers la l'aménagement de la piste quittant chez Zouberou Grégoire.,Autre,FAKARA,5000000,p,N,Transport rural (connectivité),Piste de desserte rurale
2130,Amélioration de la connectivité à travers l’aménagement de la voie allant de Gbaou à la frontière du Togo long 04km,Autre,GBAOU,5000000,p,N,Transport rural (connectivité),Piste de desserte rurale
2040,Amélioration de la connectivité à travers l’aménagement de pistes et réalisation d’un système de drainage d’eau sur un linéaire de 4km au profit de la communauté de Taïfa,Autre,TAÏFA,5000000,p,N,Hygiène et assainissement (WASH),Blocs de latrines publiques modernes
1751,"Amélioration de la connectivité à travers la réalisation de quatre (04) ouvrages de franchissement reliant les maisons de   Malan ISSA, Torou ISSA, Maison Issifou et Maison El-hadj Abdou et la maison Moussa au profit de la communauté de Madina",Autre,MADINA DE DJOUGOU1,5000000,p,N,Transport rural (connectivité),Piste de desserte rurale
2133,Amélioration de la connectivité à travers la réhabilitation de la piste quittant l’embranchement de l’axe Gbaou sèmère2 passant par Salisali pour kadè et la réalisation des infrastructure de franchissement,Autre,GNANGBA KABIA,5000000,p,N,Transport rural (connectivité),Piste de desserte rurale
549,Amélioration de la Connectivité  à  travers l’étude et réalisation d'un ouvrage de franchissement sur la piste Boro -Kounkoumbou,Autre,KOUKOUMBOU,5000000,p,N,Transport rural (connectivité),Piste de desserte rurale
2396,Amelioration de la connectivité à travers l'ouverture de voie dans le village de kompa,Autre,KOMPA,5000000,p,N,Transport rural (connectivité),Piste de desserte rurale
2265,Amélioration de la connectivité de la communauté de Zountori et midjinaha,Autre,ZOUNTORI,5000000,p,N,Transport rural (connectivité),Piste de desserte rurale
2255,Amélioration de la connectivité de la communauté et assainissement des rues et les points critiques au profit de la communauté,Autre,FORMAGAZI,5000000,p,N,Hygiène et assainissement (WASH),Blocs de latrines publiques modernes
2227,"Amélioration de la connectivité des Communautés de kparsi et de Djakpingou à travers une aménagement de la piste de alluhadou, kparsi,  Djakpingou et de Djougou",Autre,KPARSI,5000000,p,N,Transport rural (connectivité),Piste de desserte rurale
2290,Amélioration de la connectivité des villages à travers l'étude et réalisation d'un ouvrage de franchissement sur la piste Sandilo à Sandilo-gando avec remblai d'accès,Autre,SANDILO,5000000,p,N,Transport rural (connectivité),Piste de desserte rurale
552,Amélioration de la connectivité des villages à  travers l’études et réalisation d'un ouvrage de franchissement sur la piste sanekou-boro,Autre,SANRÉKOU,5000000,p,N,Transport rural (connectivité),Piste de desserte rurale
556,Amélioration de la connectivité des villages l’études et réalisation d'un  ouvrage de franchissement sur la piste Sandilo  - Sandilo gando avec remblais d'accès,Autre,SANDILO-GANDO,5000000,p,N,Transport rural (connectivité),Piste de desserte rurale
2182,Amélioration de la connectivité entre Gao et Bawinadabi distant de 6km à travers l'aménagement de la route et la réalisation des infrastructures de franchissement,Autre,GAO,5000000,p,N,Transport rural (connectivité),Piste de desserte rurale
2245,Amélioration de la connectivité entre la communauté de Batoulou Mounla et la communauté gando,Autre,BATOULOU MOUNLA,5000000,p,N,Transport rural (connectivité),Piste de desserte rurale
2250,Amélioration de la connectivité entre la communauté de DENDOUGOU et de Sinassingou,Autre,DÉNDOUGOU,5000000,p,N,Transport rural (connectivité),Piste de desserte rurale
2222,"Amélioration de la connectivité entre la communauté de kparsi et de Djakpingou à travers l’aménagement de la piste reliant allouhamdou, Djakpingou,  kparsi et Djougou",Autre,DJAKPINGOU,5000000,p,N,Transport rural (connectivité),Piste de desserte rurale
2232,Amélioration de la connectivité entre la communauté de Léman-Bogou et WALOUGOU,Autre,LÉMAN-BOGOU,5000000,p,N,Transport rural (connectivité),Piste de desserte rurale
2237,Amélioration de la connectivité entre les Communautés,Autre,LÉMAN-MANDÈ,5000000,p,N,Transport rural (connectivité),Piste de desserte rurale
2174,"Amélioration de la connectivité entre les ménages à Awotobi à travers l'aménagement des pistes reliant Adjaou, Bètè et Bowali",Autre,AWOTOBI,5000000,p,N,Transport rural (connectivité),Piste de desserte rurale
2185,Amélioration de la connectivité entre les ménages à travers l'aménagement des différentes pistes du village,Autre,KAGNIFÊLÊ,5000000,p,N,Transport rural (connectivité),Piste de desserte rurale
73,Amélioration de la connectivité entre les ménages sur 13 km centre et entre le centre et les hameaux périphériques,Autre,MADJATOM,5000000,p,N,Transport rural (connectivité),Piste de desserte rurale
61,Amélioration de la connectivité entre les ménages sur 4km au centre et entre le centre et les hameaux périphériques,Autre,LANDA,5000000,p,N,Transport rural (connectivité),Piste de desserte rurale
2195,Amélioration de la connectivité entre les ménages sur une distance de 10 km à travers l'aménagement des vons et la réalisation des caniveaux,Autre,KPAKPALARÉ,5000000,p,N,Transport rural (connectivité),Caniveau
2127,Amélioration de la Connectivité entre les ménages sur une distance de 12km à travers l’aménagement des vons (12 vons) et la réalisation des caniveaux,Autre,TROUCARÉ-BAS,5000000,p,N,Transport rural (connectivité),Caniveau
2173,"Amélioration de la connectivité entre les villages d'Agué-Garba et Awotobi à travers la réhabilitation de la voie allant de de Lélou, passant par Agué-Garba pour Awotobi long de 20km",Autre,AGUÉOU-GARBA,5000000,p,N,Transport rural (connectivité),Piste de desserte rurale
2139,Amélioration de la connectivité entre les villages Gbaou et Adedewo distant de 07km à travers la réalisation de la voie reliant les  deux villages,Autre,ADÉDÉWO,5000000,p,N,Transport rural (connectivité),Piste de desserte rurale
2285,Amélioration de la connextivité des villages à travers l'étude et la réalisation d'une route latérite Sandilo -Assagnahou,Autre,ASSAGNAHOUN,5000000,p,N,Transport rural (connectivité),Piste de desserte rurale
2386,Amélioration de la sécurité à L'EPP mamassy-peulh la construction de la clôture de l'école.,Autre,MAMASSY-PEULH,5000000,p,N,Education,Clôture de collèges et lycées
2376,Amélioration de la sécurité à travers la l'installation de lampadaire solaire.,Éclairage public solaire,FAKARA,5000000,p,N,Énergie et éclairage,Éclairage public solaire
2382,Amélioration de la sécurité dans le village de Gorouberi à travers l'acquisition des lampadaires salaire,Éclairage public solaire,GOUROU BÉRI,5000000,p,N,Énergie et éclairage,Éclairage public solaire
2388,Amélioration de la sécurité dans le village de Mamassy-peulh à travers l'acquisition et l'installation des lampadaires salaires.,Éclairage public solaire,MAMASSY-PEULH,5000000,p,N,Énergie et éclairage,Éclairage public solaire
2177,Amélioration de la sécurité des apprenants à travers la construction de la clôture de L'EPP de Awotobi,Autre,AWOTOBI,5000000,p,N,Education,Clôture de collèges et lycées
2176,Amélioration de la sécurité des populations à travers l'éclairage public par les panneaux solaires afin de résoudre le problème d'obscurité totale dans laquelle se trouve le village le soir,Électrification rurale hors réseau,AWOTOBI,5000000,p,N,Énergie et éclairage,Électrification rurale hors réseau
2140,Amélioration de la sécurité des populations à travers l’installation de l’éclairage public à base de panneaux solaires afin d’épargner de Adedewo de l’obscurité nocturne et du l’insécurité sousjascente,Électrification rurale hors réseau,ADÉDÉWO,5000000,p,N,Énergie et éclairage,Électrification rurale hors réseau
2125,Amélioration de la sécurité et de l’éclairage public à travers l’installation des panneaux solaires pour l’éclairage du quartier kpéli-Fada,Électrification rurale hors réseau,KPÉLI-FADA,5000000,p,N,Énergie et éclairage,Électrification rurale hors réseau
2197,Amélioration de l'assainissement à travers la construction de 12 latrines publiques à double cabine,Autre,KPAKPALARÉ,5000000,p,N,Hygiène et assainissement (WASH),Blocs de latrines publiques modernes
583,Amélioration de l'assainissement à travers la réalisation de caniveau en peri mançonné,Autre,DIGUIDIROU,5000000,p,N,Hygiène et assainissement (WASH),Blocs de latrines publiques modernes
396,Amélioration de l'assainissement du cadre de vie à travers la construction de deux blocs de latrines de six portes pour l'assainissement du village Gouré Baba,Autre,GOURE BABA,5000000,p,N,Hygiène et assainissement (WASH),Blocs de latrines publiques modernes
555,Amélioration de l'éclairage public à travers l’acquisition et implantation de 14 lampadaire  solaire,Éclairage public solaire,SANDILO-GANDO,5000000,p,N,Énergie et éclairage,Éclairage public solaire
584,Amélioration de l'éclairage public à travers l'acquisition et installation de 14 lampadaires solaires,Éclairage public solaire,DIGUIDIROU,5000000,p,N,Énergie et éclairage,Éclairage public solaire
2284,Amélioration de l'éclairage public à travers l'acquisition et l'installation de 14 lampadaire solaire,Éclairage public solaire,ASSAGNAHOUN,5000000,p,N,Énergie et éclairage,Éclairage public solaire
2171,Amélioration de l'éclairage public à travers l'installation des panneaux solaires pour épargner les ménages de l'obscurité,Électrification rurale hors réseau,AGUÉOU-GARBA,5000000,p,N,Énergie et éclairage,Électrification rurale hors réseau
2129,Amélioration de l’éclairage public à travers l’installation des panneaux solaires pour épargner les ménages de l’obscurité et de l’insécurité sousjascente,Électrification rurale hors réseau,TROUCARÉ-BAS,5000000,p,N,Énergie et éclairage,Électrification rurale hors réseau
2196,Amélioration de l'éclairage public à travers l'installation des panneaux solaires pour épargner les ménages de l'obscurité nocturne et de l'insécurité,Électrification rurale hors réseau,KPAKPALARÉ,5000000,p,N,Énergie et éclairage,Électrification rurale hors réseau
2144,Amélioration de l’éclairage public à travers l’installation des panneaux solaires pour épargner les ménages de l’obscurité nocturne et de l’insécurité sousjascente,Électrification rurale hors réseau,ITCHÈLLI,5000000,p,N,Énergie et éclairage,Électrification rurale hors réseau
2186,Amélioration de l'éclairage public à travers l'installation des panneaux solaires pour épargner les ménages de l'obscurité totale,Électrification rurale hors réseau,KAGNIFÊLÊ,5000000,p,N,Énergie et éclairage,Électrification rurale hors réseau
2181,Amélioration de l'éclairage public à travers l'installation des panneaux solaires pour épargner les ménages de l'obscurité totale,Électrification rurale hors réseau,GAO,5000000,p,N,Énergie et éclairage,Électrification rurale hors réseau
68,Amélioration de l’éclairage public dans le village de Kawado à travers l’installation de lampadaire solaire pour épargner les ménages de l’obscurité nocturne et de l’insécurité sous-jacente,Éclairage public solaire,KAWADO,5000000,p,N,Énergie et éclairage,Éclairage public solaire
65,Amélioration de l’éclairage public dans le village de Tchalinga à travers l’installation des lampadaire solaire pour épargner les ménages de l’obscurité nocturne et de l’insécurité sous-jacente,Éclairage public solaire,TCHALINGA,5000000,p,N,Énergie et éclairage,Éclairage public solaire
548,Amélioration de l'éclairage publique à travers l'acquisition et installation de 14 lampadaires solaires dans le village de Boro,Éclairage public solaire,BORO,5000000,p,N,Énergie et éclairage,Éclairage public solaire
399,Amélioration de l'habitat à travers le lotissement du village Tchikandou,Autre,TCHICANDOU,5000000,p,N,Autre,Autre
877,Amélioration de l'hygiène et assainissement à travers la construction d'un bloc de latrine publique à quatre cabines et vidange des latrines existant,Autre,BAKINKOURA,5000000,p,N,Hygiène et assainissement (WASH),Hygiène des lieux publics
2312,Amélioration de l'hygiène et assainissement à travers la création d'une unité de gestion des ordures,Autre,MADINA DE PRKOU1,5000000,p,N,Hygiène et assainissement (WASH),Hygiène des lieux publics
2321,Amélioration de l’hygiène et assainissement à travers la mise en place d’un comité de gestion des ordures,Autre,OUÉZÉ,5000000,p,N,Hygiène et assainissement (WASH),Hygiène des lieux publics
884,Amélioration de l'hygiène et de l'assainissement à travers la construction d'un bloc de latrine à quatre cabines,Autre,BOUNDAROU,5000000,p,N,Hygiène et assainissement (WASH),Hygiène des lieux publics
885,Amélioration de l'hygiène et de l'assainissement à travers la construction d'un bloc de latrine publique,Autre,KADÉRA,5000000,p,N,Hygiène et assainissement (WASH),Hygiène des lieux publics
888,Amélioration de l'hygiène et de l'assainissement à travers l'acquisition de matériaux d'assainissement,Autre,KADÉRA,5000000,p,N,Hygiène et assainissement (WASH),Hygiène des lieux publics
883,Amélioration de l'hygiène et de l'assainissement à travers l'acquisition de matériels et équipements,Autre,BOUNDAROU,5000000,p,N,Hygiène et assainissement (WASH),Hygiène des lieux publics
874,Amélioration de l'hygiène et de l'assainissement à travers la dotation des poubelles publiques pour le ramassage des ordures,Autre,KABASSIRA,5000000,p,N,Hygiène et assainissement (WASH),Hygiène des lieux publics
872,Amélioration de l'hygiène et de l'assainissement à travers la mise en place des évacuateurs dans les caniveaux,Autre,KABASSIRA,5000000,p,N,Hygiène et assainissement (WASH),Hygiène des lieux publics
2316,Amélioration de l’hygiène et l’assainissement à travers l’acquisition de matériels et équipements,Autre,KPÉBIÉ DE PARAKOU1,5000000,p,N,Hygiène et assainissement (WASH),Hygiène des lieux publics
2256,Amélioration de l’hygiène par la réalisation de latrines moderne au profit de la communauté,Autre,FORMAGAZI,5000000,p,N,Hygiène et assainissement (WASH),Hygiène des lieux publics
394,Amélioration des activités agro-pastorale à Gouré Baba à travers l'étude et l'aménagement d'une retenue d'eau de grande capacité à Gassassi,Autre,GOURE BABA,5000000,p,N,Production animale,Aménagement
401,Amélioration des activités agro-pastorale à Tchikandou à travers l'étude et l'aménagement d'une retenue d'eau de grande capacité à Tchikandou,Autre,TCHICANDOU,5000000,p,N,Production animale,Aménagement
392,Amélioration des activités agro-pastorale à travers l'aménagement et sécurisation d'un périmètre de pâturage,Autre,GOTEL,5000000,p,N,Production animale,Aménagement
382,Amélioration des activités agro-pastorale à travers l'aménagement et sécurisation d'un périmètre de pâturage,Autre,GNELKIRADJÉ,5000000,p,N,Production animale,Aménagement
387,Amélioration des activités agro-pastorale à travers le dessablage du barrage de Sansi,Autre,GNELSANDA,5000000,p,N,Production animale,Aménagement
385,Amélioration des activités agro-pastorale à travers les l'aménagement et la sécurisation d'un périmètre de pâturage,Autre,GNELSANDA,5000000,p,N,Production animale,Aménagement
373,Amélioration des activités agro-pastorale à travers l'étude et l'aménagement d'une retenue d'eau de grande capacité à l'alafiarou,Autre,ALAFIAROU DE OUENOU,5000000,p,N,Production animale,Aménagement
388,Amélioration des activités agro-pastorale de Gotel à travers l'étude et l'aménagement d'une retenue d'eau de grande capacité à Gotel,Autre,GOTEL,5000000,p,N,Production animale,Aménagement
2401,Amelioration des condition des éleveurs par la réhabilitation des couloirs de passage et leur mise en fonction,Autre,KOMPANTI,5000000,p,N,Production animale,Aménagement
127,Amélioration des conditions d’accès aux soins de santé primaire à travers l’extension du dispensaire et maternité isolé,Autre,IGBÈRÈ,5000000,p,N,Santé,Dispensaire isolé
1593,Amélioration des conditions d'apprentissage des écoliers de Koupagou,Autre,KOUPAGOU-KORONTIÈRE,5000000,p,N,Education,Module de trois (3) salles de classes + bureau et magasins pour les écoles primaires
386,Amélioration des conditions d'échange à travers les études techniques et la réalisation d'un ouvrage de franchissement Sansi et Gouré Baba,Autre,GNELSANDA,5000000,p,N,Transport rural (connectivité),Piste de desserte rurale
2378,Amélioration des conditions de revenus à travers la réhabilitation d'un étang à bello-tounga.,Autre,BELLO-TOUNGA,5000000,p,N,Production végétale,Aménagement
2395,Amelioration des conditions des eleveurs par la réhabilitation des couloirs de passage des animaux quittant le parc W par illa et kompa pour finir au fleuve niger avec parc de vaccination à Kompa,Autre,KOMPA,5000000,p,N,Production animale,Parc de vaccination
2394,Amelioration des conditions de travail des écoliers et enseignant à traves la construction de la clôture  de l'EPP Kompa,Autre,KOMPA,5000000,p,N,Education,Clôture de collèges et lycées
2417,Amélioration des conditions de travail des écoliers et enseignants à travers la réhabilitation de l’école du village de Bako-Maka et équipement en mobiliers scolaire,Autre,BAKO-MAKA,5000000,p,N,Education,Module de trois (3) salles de classes + bureau et magasins pour les écoles primaires
1022,Amélioration des conditions de travail des élèves,Autre,GOUNGOU-BÉRI,5000000,p,N,Education,Module de trois (3) salles de classes + bureau et magasins pour les écoles primaires
2400,Amelioration des conditions de travail des maraichersa travers la construction d'un mini barrage à kompanti,Autre,KOMPANTI,5000000,p,N,Production végétale,Aménagement
377,Amélioration des conditions d'études à travers l'acquisition de 100 Tables-bancs dans EPP de  l'Alafiarou,Autre,ALAFIAROU DE OUENOU,5000000,p,N,Education,Table + bancs pour les écoles primaires
2385,Amélioration des conditions de vie dans le village de Batoumabéri à travers la construction de Bloc de latrine et douche.,Autre,KARIMAMA-BATOUMA-BÉRI,5000000,p,N,Hygiène et assainissement (WASH),Blocs de latrines publiques modernes
2381,Amélioration des conditions de vie des élèves et des Enseignants d'un module de classe de trois salles de classe à l'EPP.,Autre,GOUROU BÉRI,5000000,p,N,Education,Module de trois (3) salles de classes + bureau et magasins pour les écoles primaires
397,Amélioration des conditions sanitaires à travers la construction d'un centre de santé à Gouré Baba,Autre,GOURE BABA,5000000,p,N,Santé,Centre de santé d'arrondissement (CSA) ou Centre de santé de commune (CSC)
1094,Amélioration des conditions sécuritaires par l'électrification rurale à travers l'installation de 15 panneaux photovoltaïques dans le village,Électrification rurale hors réseau,GUÉNÉ-ZERMÉ,5000000,p,N,Énergie et éclairage,Électrification rurale hors réseau
389,Amélioration des échanges à travers l'ouverture et l'aménagement de la piste,Autre,GOTEL,5000000,p,N,Transport rural (connectivité),Piste de desserte rurale
375,Amélioration des échanges à travers l'ouverture et l'aménagement de la piste Alafiarou -Ouroumon,Autre,ALAFIAROU DE OUENOU,5000000,p,N,Transport rural (connectivité),Piste de desserte rurale
395,Amélioration des échanges à travers l'ouverture et l'aménagement de la piste Gnelsanda et Gouré Baba,Autre,GOURE BABA,5000000,p,N,Transport rural (connectivité),Piste de desserte rurale
400,Amélioration des échanges à travers l'ouverture et l'aménagement de la piste Tchikandou sonkorou et Tchikandou Dagourou,Autre,TCHICANDOU,5000000,p,N,Transport rural (connectivité),Piste de desserte rurale
75,Amélioration des revenus des agriculteurs à travers la formation sur la fabrication d’engrais biologique pour la fertilisation des sols et l’équipements en matériel et outils agricoles modernes,Autre,MADJATOM,5000000,p,N,Production végétale,Aménagement
71,"Amélioration des revenus des jeunes de Kawado à travers la structuration, la formation, la fourniture des équipements et du matériel d’élevage des ruminants",Autre,KAWADO,5000000,p,N,Production animale,Aménagement
2398,Amelioration des soins de santé à travers l'acquisition d'équipements et de matériaux médicaux au profil de la maternité de kompa,Autre,KOMPA,5000000,p,N,Santé,Lits de maternité et d'hospitalisation
2383,Amélioration du cadre de vie dans le village de Batoumabéri à travers la réalisation d'ouvrage d'assainissement (caniveau).,Autre,KARIMAMA-BATOUMA-BÉRI,5000000,p,N,Hygiène et assainissement (WASH),Blocs de latrines publiques modernes
2380,Amélioration du cadre de vie dans le village de Gorouberi à travers la réalisation d'assainissement dans la zone de inondé de Fakara-eri côté ouest de Gorouberi.,Autre,GOUROU BÉRI,5000000,p,N,Hygiène et assainissement (WASH),Blocs de latrines publiques modernes
2192,Amélioration du conditionnement des produits agricoles au profit des groupements socio-économique à travers la construction d'un magasin de stockage,Autre,KAKPÉSSIA,5000000,p,N,Infrastructure marchande,Magasin de stockage
2183,Amélioration du conditionnement des produits agricoles au profit des groupements socio-économique à travers la l'installation d'un magasin de stockage,Autre,GAO,5000000,p,N,Infrastructure marchande,Magasin de stockage
2172,Amélioration du conditionnement des produits agricoles au profit des groupements socio-économique à travers l'installation d'un magasin de stockage équipé de kit solaire pour améliorer la sécurité autour du magasin et dans le village,Autre,AGUÉOU-GARBA,5000000,p,N,Infrastructure marchande,Magasin de stockage
2187,Amélioration du conditionnement des produits agricoles au profit des groupes socio-économique à travers l'installation d'un magasin de stockage,Autre,KAGNIFÊLÊ,5000000,p,N,Infrastructure marchande,Magasin de stockage
2194,Amélioration du conditionnement des produits agricoles au profit des groupes socio économique à travers l'installation d'un magasin de stockage équipé de Kit solaire pour améliorer la sécurité autour du magasin et dans le village,Autre,KPAKPALARÉ,5000000,p,N,Infrastructure marchande,Magasin de stockage
2320,Amélioration du niveau d’accès à la voie à travers la réalisation des caniveaux,Autre,OUÉZÉ,5000000,p,N,Transport rural (connectivité),Caniveau
1928,Améliorer l'accès à l'eau potable,Autre,KOUGNANGOU,5000000,p,N,Accès à l'eau,Forage simple
2445,Améliorer  l’accès à l’eau potable dans la communauté de Sayakrou,Autre,SAYAKROU,5000000,p,N,Accès à l'eau,Forage simple
2402,Amenagement de bas fonds et mise en place d'un système de maîtrise d'eau dans la zone  Amougou,Autre,KOMPANTI,5000000,p,N,Production végétale,Aménagement
2602,Aménagement de ka piste TIKOU KROUFA,Autre,TIKOU,5000000,p,N,Transport rural (connectivité),Piste de desserte rurale
1690,Aménagement de l'accès à l'eau potable,Autre,KOUKPINTIEGOU,5000000,p,N,Accès à l'eau,Forage simple
2533,Aménagement de la marre plus réalisation d’un forage avec mini château,Autre,KOUTAGOU,5000000,p,N,Accès à l'eau,Forage simple
2084,Aménagement de la piste Alayomdè KOMDE,Autre,ALAYOMDÈ,5000000,p,N,Transport rural (connectivité),Piste de desserte rurale
2045,Aménagement  de la piste Atchankomoun-Pamou et construction d’infrastructures de franchissement au niveau de la rivière SOOTI,Autre,ATCHANKOMOU,5000000,p,N,Transport rural (connectivité),Piste de desserte rurale
1055,Aménagement de la piste Banitè Koubéri à Toulouwa,Autre,BANITÈ-KOUBÉRI,5000000,p,N,Transport rural (connectivité),Piste de desserte rurale
1496,Aménagement de la piste Bouérou-Kparaka,Autre,BOUÉROU,5000000,p,N,Transport rural (connectivité),Piste de desserte rurale
1803,AMÉNAGEMENT DE LA PISTE DE L’AXE TIKOU KAMPOYA,Autre,BOROYINDÉ,5000000,p,N,Transport rural (connectivité),Piste de desserte rurale
1626,Aménagement de la piste de l'EPP Koutayagou à Koussognigou frontière Togo,Autre,KOUTAYAGOU,5000000,p,N,Education,Module de trois (3) salles de classes + bureau et magasins pour les écoles primaires
2304,Aménagement de la piste de passation,Autre,BOO,5000000,p,N,Transport rural (connectivité),Piste de desserte rurale
1619,Aménagement de la piste Didompè-Koussoucoingou centre,Autre,DIDOMPÊ,5000000,p,N,Transport rural (connectivité),Piste de desserte rurale
1914,Aménagement de la piste Diteni-tidati et construction d'ouvrage de franchissement,Autre,KOUWETAKOUANGOU,5000000,p,N,Transport rural (connectivité),Piste de desserte rurale
2539,Aménagement de la piste EPP Koutagou-Dibéteni et construction des ouvrages de franchissement,Autre,DITCHENDIA,5000000,p,N,Education,Module de trois (3) salles de classes + bureau et magasins pour les écoles primaires
2545,Aménagement de la piste EPP Koutagou-frontière Togo,Autre,KOUMONTCHIRGOU,5000000,p,N,Education,Module de trois (3) salles de classes + bureau et magasins pour les écoles primaires
1920,Aménagement de la piste EPP takpanta via kounacogou,Autre,TAKPANTA,5000000,p,N,Education,Module de trois (3) salles de classes + bureau et magasins pour les écoles primaires
2408,Aménagement de la piste garbey-koara vers kara,Autre,GARBEY-KOARA,5000000,p,N,Transport rural (connectivité),Piste de desserte rurale
1498,Aménagement de la piste Gbéba-Kakouro-Sonnin-Kparaka-Dagui-Borokpèrè,Autre,GBÉBA DE PEHUNCO,5000000,p,N,Transport rural (connectivité),Piste de desserte rurale
1557,"Aménagement de la piste kaptièni, kperinkpe, distant de 7km et m’bapouoti 5km et construction des ouvrages de franchissement",Autre,DIMANSOURI,5000000,p,N,Transport rural (connectivité),Piste de desserte rurale
2411,Amenagement de la piste  kompa  kéné tounga 5km,Autre,KÉNÉ-TOUNGA,5000000,p,N,Transport rural (connectivité),Piste de desserte rurale
2519,Aménagement de la piste korontiere- Mantchari-dimansouri distant d'environ 14km et construction des ouvrages de franchissement,Autre,MANTCHARI,5000000,p,N,Transport rural (connectivité),Piste de desserte rurale
2552,Aménagement de la piste koudahongou-koutapa et construction des ouvrages de franchissement,Autre,KOUDAHONGOU,5000000,p,N,Transport rural (connectivité),Piste de desserte rurale
1598,Aménagement de la piste koukouatchiengou- Kounadogou et construction des ouvrages de franchissement,Autre,KOUKOUATCHIENGOU,5000000,p,N,Transport rural (connectivité),Piste de desserte rurale
2558,Aménagement de la piste koukouatchien-maagou- koukouatchiengou et construction des ouvrages de franchissements,Autre,KOUMAGOU,5000000,p,N,Transport rural (connectivité),Piste de desserte rurale
2564,Aménagement de la piste Koussounoungou-Fafa d'environ 15 kilomètres,Autre,TIPAOTI,5000000,p,N,Transport rural (connectivité),Piste de desserte rurale
2534,Aménagement de la piste Koutagou- koukotchougou et réalisation des ouvrages de franchissement,Autre,KOUTAGOU,5000000,p,N,Transport rural (connectivité),Piste de desserte rurale
2085,Aménagement de la piste Kpaltaou Tchaladè,Autre,TCHALADÈ,5000000,p,N,Transport rural (connectivité),Piste de desserte rurale
2590,Aménagement de la piste maka couba,Autre,MAKA,5000000,p,N,Transport rural (connectivité),Piste de desserte rurale
285,Aménagement de la piste nagayile-  Botou,Autre,NAGAYILÉ,5000000,p,N,Transport rural (connectivité),Piste de desserte rurale
1567,Aménagement de la piste natchénté-dimansouri distant d'environ 10km et construction d'ouvrage de franchissement,Autre,NATCHÉNTÉ,5000000,p,N,Transport rural (connectivité),Piste de desserte rurale
831,Aménagement de la piste Ouénou Weketere,Autre,WÉKÉTÈRÈ,5000000,p,N,Transport rural (connectivité),Piste de desserte rurale
935,Aménagement de la piste rural Boukoussera Tchatchou sur une distance de 5km,Autre,BOUKOUSSÉRA,5000000,p,N,Transport rural (connectivité),Piste de desserte rurale
2659,Aménagement de la piste rurale cotiakou Manougou,Autre,MANOUGOU,5000000,p,N,Transport rural (connectivité),Piste de desserte rurale
595,Aménagement de la piste rurale Guinagourou-Gando alafiarou avec construction des ouvrages de franchissement plus traitements des points critiques,Autre,GANDO-ALAFIAROU,5000000,p,N,Transport rural (connectivité),Piste de desserte rurale
941,Aménagement de la piste rurale sakanakpeba Attirakparou distant de 5km avec un ouvrage de franchisement et traitement des points critiques,Autre,SAKANA- KPÉBA,5000000,p,N,Transport rural (connectivité),Piste de desserte rurale
2076,Aménagement de la piste wakitè Kassoua-allha,Autre,WAKITÈ,5000000,p,N,Transport rural (connectivité),Piste de desserte rurale
424,Aménagement de la retenue d'eau,Autre,GNONKOURAKALI,5000000,p,N,Production végétale,Aménagement
431,Aménagement de la retenue d'eau,Autre,GOUROU-PIBOU,5000000,p,N,Production végétale,Aménagement
2537,Aménagement de la retenue d’eau de Ditchiendia plus réalisation d’un forage d’alimentaire muni d’un château d’eau,Autre,DITCHENDIA,5000000,p,N,Accès à l'eau,Forage simple
2547,Aménagement de la retenue d’eau de Koukotougou et réalisation d’un forage d’alimentation,Autre,KOTOTOUGOU,5000000,p,N,Accès à l'eau,Forage simple
1694,Aménagement de la retenue d'eau desservant les villages de Kounacogou-koutoutougou,Autre,KOUNAKOGOU,5000000,p,N,Production végétale,Aménagement
2543,Aménagement de la retenue d’eau de Yatebouara,Autre,KOUMONTCHIRGOU,5000000,p,N,Production végétale,Aménagement
692,Aménagement de la retenue de Gbari,Autre,GUINROU,5000000,p,N,Production végétale,Aménagement
2682,Aménagement de la route ralliant Gbessassi Bouca - Gbassi,Autre,GBASSI,5000000,p,N,Transport rural (connectivité),Piste de desserte rurale
2672,AménagementdelarouteralliantGbessassiBouca– GbassiplusConstructiondescaniveauxdel'entréeduvillageverslasortieaxeécole,Autre,BESSASSI-BOUCA,5000000,p,N,Education,Module de trois (3) salles de classes + bureau et magasins pour les écoles primaires
2272,Aménagement de la voie de centre de santé de Djougou 2,Autre,WARGOU,5000000,p,N,Santé,Centre de santé d'arrondissement (CSA) ou Centre de santé de commune (CSC)
1665,Aménagement de la voie principale et réalisation d’ouvrage de franchissement sur environ 3km,Autre,WOLO,5000000,p,N,Transport rural (connectivité),Piste de desserte rurale
2301,Aménagement de la voie SAKABANSI PERANGOU BAGRI,Autre,BELLÈ,5000000,p,N,Transport rural (connectivité),Piste de desserte rurale
2025,Aménagement de la voie Tamandé-Birni Maro,Autre,TAMANDÉ,5000000,p,N,Transport rural (connectivité),Piste de desserte rurale
2732,Amenagement de piste,Autre,TORA,5000000,p,N,Transport rural (connectivité),Piste de desserte rurale
2069,Aménagement de piste,Autre,SONAHOLOU,5000000,p,N,Transport rural (connectivité),Piste de desserte rurale
2577,Aménagement de piste et réalisation d'ouvrage de drainage distante 8km,Autre,PÉTONI-POHO- PARTAGO,5000000,p,N,Hygiène et assainissement (WASH),Blocs de latrines publiques modernes
1548,Aménagement de piste réalisation de deux ouvrages de franchissement,Autre,YINSIGA,5000000,p,N,Transport rural (connectivité),Piste de desserte rurale
1749,Aménagement de piste rurale sur un linéaire de 2km,Autre,GOGONIGA,5000000,p,N,Transport rural (connectivité),Piste de desserte rurale
277,Aménagement de piste yari Dingou,Autre,YARI,5000000,p,N,Transport rural (connectivité),Piste de desserte rurale
1952,Aménagement des bas-fonds,Autre,KOKOKOU,5000000,p,N,Production végétale,Aménagement
180,Aménagement des espaces de pâturages,Autre,PARTAGO DE ALEDJO,5000000,p,N,Production animale,Aménagement
2727,Aménagement des pistes,Autre,KAMANAN,5000000,p,N,Transport rural (connectivité),Piste de desserte rurale
1572,Aménagement des pistes,Autre,OTANONGOU,5000000,p,N,Transport rural (connectivité),Piste de desserte rurale
2112,Aménagement des pistes dans le village,Autre,KOUKOULOUNDA,5000000,p,N,Transport rural (connectivité),Piste de desserte rurale
2120,Aménagement des pistes dans le village,Autre,KPÉLOUDÈ,5000000,p,N,Transport rural (connectivité),Piste de desserte rurale
2105,Aménagement des pistes dans le village,Autre,KASSUA-ALLAH,5000000,p,N,Transport rural (connectivité),Piste de desserte rurale
2115,Aménagement des pistes dans le village,Autre,KPÉLITÉ,5000000,p,N,Transport rural (connectivité),Piste de desserte rurale
2513,Aménagement des pistes  Dissapoli- Dimansouri distant d’environ 7kmet celle de M’Bapouoti 2km et construction des ouvrages de franchissement,Autre,DISSAPOLI,5000000,p,N,Transport rural (connectivité),Piste de desserte rurale
76,Aménagement des pistes et construction d’infrastructures de franchissement (Alitokoum-Kadolassi- Kawado),Autre,ALITOKOUM,5000000,p,N,Transport rural (connectivité),Piste de desserte rurale
1562,Aménagement des pistes et la construction des ouvrages de franchissement,Autre,KPÉRINKPÉ,5000000,p,N,Transport rural (connectivité),Piste de desserte rurale
1624,Aménagement des pistes Koukangou-Yèkodé-Kouyissikou,Autre,KOUSSOUNOUNGOU,5000000,p,N,Transport rural (connectivité),Piste de desserte rurale
2148,Aménagement des rues du quartier,Autre,AGBANDARÈ,5000000,p,N,Transport rural (connectivité),Piste de desserte rurale
2060,"Aménagement des sentiers reliant Birni Maro, Birni Kpebirou",Autre,BIRNI MARO,5000000,p,N,Transport rural (connectivité),Piste de desserte rurale
2307,Aménagement des tronçons Nikki- Donkparawi- Peognel,Autre,DONKPARAWI,5000000,p,N,Transport rural (connectivité),Piste de desserte rurale
2204,Amenagement des vons du village,Autre,MANIGRI-IKANNI,5000000,p,N,Transport rural (connectivité),Piste de desserte rurale
325,Aménagement des vont par la réalisation des caniveaux,Autre,DÉRASSI,5000000,p,N,Transport rural (connectivité),Caniveau
832,Aménagement  du barrage,Autre,SANSI,5000000,p,N,Production végétale,Aménagement
1655,Aménagement du barrage,Autre,KOUWOTCHIRGOU,5000000,p,N,Production végétale,Aménagement
2300,Aménagement du barrage,Autre,BELLÈ,5000000,p,N,Production végétale,Aménagement
822,Aménagement du barrage,Autre,FOMBAWI,5000000,p,N,Production végétale,Aménagement
812,Aménagement du barrage de Dèbo,Autre,OUÉNOU -NIKKI,5000000,p,N,Production végétale,Aménagement
1601,Aménagement du barrage de Tadowonta,Autre,TADOWONTA,5000000,p,N,Production végétale,Aménagement
848,Aménagement du barrage en barrage agro-pastorale,Autre,KOUSSOUKOU,5000000,p,N,Production animale,Aménagement
2406,Aménagement du couloir de passage des animaux du parc W en passant par Garbey-koara jusqu'au fleuve niger,Autre,GARBEY-KOARA,5000000,p,N,Production animale,Parc de vaccination
2410,Aménagement du couloir de passage des animaux quittant Garbey-koara en passant par kéné -tounga vers le fleuve niger,Autre,KÉNÉ-TOUNGA,5000000,p,N,Production animale,Aménagement
2551,Aménagement du couloir de pâturage quittant Koukotougou pour Koukouatchien-maagou,Autre,KOTOTOUGOU,5000000,p,N,Production animale,Aménagement
2566,Aménagement du couloir de pâturage Takounta-Tchatico,Autre,TIPAOTI,5000000,p,N,Production animale,Aménagement
830,Aménagement du marché de Fombawi,Autre,WÉKÉTÈRÈ,5000000,p,N,Infrastructure marchande,Hangar de marché
1663,Aménagement du marché de wellan,Autre,MÊLAN,5000000,p,N,Infrastructure marchande,Hangar de marché
1522,Aménagement d'un centre d'alphabétisation en faveur des peulhs de Sayakrou-Gah,Autre,SAYAKROU – GAH,5000000,p,N,Education,Infrastructure d'alphabétisation
1570,Aménagement d'un couloir de passage de 3km entre Natchénté et dikoumini,Autre,NATCHÉNTÉ,5000000,p,N,Production animale,Aménagement
2521,Aménagement d'un couloir de passagede 4km de Mantchari vers Andense (Togo),Autre,MANTCHARI,5000000,p,N,Production animale,Aménagement
2514,Aménagement d'un couloir de passage  distant de 4kmquittant Kènakè  pour Lengbemon,Autre,DISSAPOLI,5000000,p,N,Production animale,Aménagement
69,Aménagement d’un couloir de passage pour les animaux,Autre,KAWADO,5000000,p,N,Production animale,Aménagement
63,Aménagement d’un couloir de passage pour les animaux,Autre,LANDA,5000000,p,N,Production animale,Aménagement
1974,Aménagement d’un dépotoir d’eau qui est à l’entrée du village devant l’école primaire,Autre,TONTAROU-PEULH,5000000,p,N,Education,Module de trois (3) salles de classes + bureau et magasins pour les écoles primaires
123,Aménagement d'un dépotoir moderne dans le village,Autre,WÈKÈTÈ,5000000,p,N,Hygiène et assainissement (WASH),Blocs de latrines publiques modernes
1460,Aménagement d'une aire d'abattage des animaux,Autre,NIAMBARA,5000000,p,N,Production animale,Aménagement
2208,Amenagement d'une aire de gestion des ordures mènagère et fourniture d'equipement de tranport,Autre,MANIGRI-IKANNI,5000000,p,N,Hygiène et assainissement (WASH),Blocs de latrines publiques modernes
169,Aménagement d’une aire de pâturage,Autre,KAOUTÉ,5000000,p,N,Production animale,Aménagement
762,Aménagement d'une aire de pâturage+ cultures fourragères et sécurisation des couloirs de pâturage,Autre,GOUDÉMA,5000000,p,N,Production animale,Aménagement
681,Aménagement d'une aire de pâturage et parc de vaccination,Autre,ZAMBARA,5000000,p,N,Production animale,Parc de vaccination
1098,Aménagement d'une aire de pâturage pour les bovins et les caprins à travers la production de plantes fourragères et construction d'un forage agro-pastorale sur l'aire aménagée,Autre,ISSÉNÉ,5000000,p,N,Accès à l'eau,Forage simple
777,Aménagement d'une aire de pâturage+ Tracer et sécurisation des couloirs de passages des animaux,Autre,KIDAROUKPÉROU,5000000,p,N,Production animale,Aménagement
1107,Aménagement d'une petite retenue d'eau,Autre,KONEY,5000000,p,N,Production végétale,Aménagement
1113,Aménagement d'une petite retenue d'eau,Autre,POGOUSSOROU,5000000,p,N,Production végétale,Aménagement
1063,Aménagement d'une retenue d'eau,Autre,IBOTO,5000000,p,N,Production végétale,Aménagement
354,Aménagement d'une retenue d'eau,Autre,GOROGAWO,5000000,p,N,Production végétale,Aménagement
364,Aménagement d'une retenue d'eau,Autre,NÉGANZI-PEULH,5000000,p,N,Production végétale,Aménagement
1131,Aménagement d'une retenue d'eau,Autre,GAMA,5000000,p,N,Production végétale,Aménagement
1551,Aménagement d'une retenue d'eau,Autre,DIKOUMINI,5000000,p,N,Production végétale,Aménagement
351,Aménagement d'une retenue d'eau,Autre,BASSO,5000000,p,N,Production végétale,Aménagement
2559,Aménagement d’une retenue d’eau à koutchédougou et réalisation d'un forage alimentaire muni f’un château d’eau,Autre,KOUMAGOU,5000000,p,N,Accès à l'eau,Forage simple
378,Aménagement d'une retenue d'eau de grande capacité à Gnelkiradjè,Autre,GNELKIRADJÉ,5000000,p,N,Production végétale,Aménagement
1922,Aménagement d'une retenue d'eau par surcreusement,Autre,TAKPANTA,5000000,p,N,Production végétale,Aménagement
1915,Aménagement d'une retenue d'eau par surcreusement pour abreuvage des animaux et le maraîchage,Autre,KOUWETAKOUANGOU,5000000,p,N,Production animale,Alimentation
1924,Aménagement d’une retenue d’eau par  surcreusement pour l’abreuvage et  le maraîchage  à TCHAPETA,Autre,TCHAPÉTA,5000000,p,N,Production animale,Alimentation
1578,Aménagement d'une retenue d'eau pour l'abreuvage des animaux et activités de contre saison,Autre,DIPOLI,5000000,p,N,Production animale,Alimentation
1563,Aménagement d'une retenue d'eau pour l'abreuvage des animaux et pour les activités de contre saison,Autre,KPÉRINKPÉ,5000000,p,N,Production animale,Alimentation
1558,Aménagement d'une retenue d'eau pour l'abreuvage des animaux et pour les activités de contre saison,Autre,DIMANSOURI,5000000,p,N,Production animale,Alimentation
353,Aménagement d'une retenue d'eau pour la culture de contre saison,Autre,BASSO,5000000,p,N,Production végétale,Aménagement
365,Aménagement d'une retenue d'eau pour les cultures agro-pastorale,Autre,NÉGANZI-PEULH,5000000,p,N,Production animale,Aménagement
60,"Aménagement d’une retenue d’eau  sur la rivière Lahou, la délimitation d’un couloir de passage de bœuf et d’une aire de pâturage pour réduire les conflits agriculteurs et éleveurs autour de gestion de point d’eau",Autre,LANDA,5000000,p,N,Production animale,Aménagement
2019,Aménagement d'un espace pour le maraîchage,Autre,KOUBORO,5000000,p,N,Production végétale,Aménagement
742,Aménagement d'un espace vert en face de l'école de Bagaria,Autre,BAGARIA,5000000,p,N,Education,Module de trois (3) salles de classes + bureau et magasins pour les écoles primaires
347,Aménagement d'un micro barage,Autre,BANÉZI,5000000,p,N,Production végétale,Aménagement
1109,Aménagement d'un parc à vaccination,Autre,KONEY,5000000,p,N,Production animale,Parc de vaccination
2530,Aménagement d'un retenue d'eau,Autre,AGBONTÊ,5000000,p,N,Production végétale,Aménagement
1697,Aménagement et électrification de la voie principale,Autre,KOUNAKOGOU,5000000,p,N,Transport rural (connectivité),Piste de desserte rurale
2038,"Aménagement et réalisation d’un ouvrage de franchissement de pistede 3,5 kmde Saoudjouha",Autre,KILIR,5000000,p,N,Transport rural (connectivité),Piste de desserte rurale
2217,Aménagement et réhabilitation de 2 ouvrages de franchissement sur la voie wassa- Mowatchori,Autre,MORWATCHOHI,5000000,p,N,Transport rural (connectivité),Piste de desserte rurale
1577,Aménagement  sommaire de la route dipoli-dimansouri et constructiondes ouvrages de franchissement,Autre,DIPOLI,5000000,p,N,Transport rural (connectivité),Piste de desserte rurale
2523,"Aménagement sommaire de la route korontiere, dipoli, OUKOUNSERIHOUN  dimansouri et construction des ouvrages de franchissement",Autre,OUKOUNSÉRIHOUN,5000000,p,N,Transport rural (connectivité),Piste de desserte rurale
2379,Aménagement sommaire de la vallée.,Autre,BELLO-TOUNGA,5000000,p,N,Production végétale,Aménagement
1553,Aménagement sommaire des pistes et construction des ouvrages de franchissement,Autre,DIKOUMINI,5000000,p,N,Transport rural (connectivité),Piste de desserte rurale
2162,Aménager la piste Léou-Koubly et construire les infrastructures de franchissement nécessaire,Autre,OURAMARÉ,5000000,p,N,Transport rural (connectivité),Piste de desserte rurale
2157,Aménager la piste Ouramaré- Tchalè-Lélou-Koubly-kpaouya et dispensaire Awotobi-Atchankpa-kolah-koubly pour désenclaver koubly,Autre,KOUBLY,5000000,p,N,Santé,Dispensaire isolé
2050,Amenager la piste Pamou-Badjoudè et construire les infrastructures de franchissments au niveau de la rivère Binaou,Autre,PAMOU,5000000,p,N,Transport rural (connectivité),Piste de desserte rurale
2720,Aménager  la piste Pamou -Tchitchakou-marché Badjoudè et construire les ouvrages de franchissement à travers les ruisseaux qui enclavent Titchakou de ses fermes,Autre,TCHITCHAKOU,5000000,p,N,Infrastructure marchande,Hangar de marché
2154,Aménager les différentes pistes pour accéder à Atchankpa-kolah,Autre,ATCHANKPA-KOLAH,5000000,p,N,Transport rural (connectivité),Piste de desserte rurale
1154,Aménager les pistes d'accès du village,Autre,GOUN-GOUN,5000000,p,N,Transport rural (connectivité),Piste de desserte rurale
2169,Aménager les routes d’accès aux ménages,Autre,TCHINGAYARÉ,5000000,p,N,Transport rural (connectivité),Piste de desserte rurale
2031,"Aménager les voies Sètrah-Koukatè, Sètrah-Solla et Sètrah-EPP Tèhalougou",Autre,SÈTRAH,5000000,p,N,Education,Module de trois (3) salles de classes + bureau et magasins pour les écoles primaires
1179,Aménager une retenue d'eau pour abreuver le bétail,Autre,SOROKO GAH,5000000,p,N,Production animale,Alimentation
1153,Aménager un espace de rassemblement communautaire,Autre,GOUN-GOUN,5000000,p,N,Autre,Autre
2108,Aménagé une retenue d’eau pastorale pour l’abreuvement des animaux,Autre,KASSUA-ALLAH,5000000,p,N,Production animale,Alimentation
2236,Appui technique et logistique pour les jeunes éleveurs de la communauté,Autre,LÉMAN-BOGOU,5000000,p,N,Production animale,Aménagement
2393,Assainissement de la voie GUINEE Karimama.,Autre,TONDIKOARIA,5000000,p,N,Hygiène et assainissement (WASH),Blocs de latrines publiques modernes
231,Assainissement des rues avec la réalisation des caniveaux et acquisition de matériel de salubrité,Autre,TIMTIM-BONGO,5000000,p,N,Hygiène et assainissement (WASH),Blocs de latrines publiques modernes
906,Augmentation des forages et réparation des pompes gâter,Autre,TOTOROU,5000000,p,N,Accès à l'eau,Forage simple
2573,Augmentation des hangars  dans le marché,Autre,IKOUNGA,5000000,p,N,Infrastructure marchande,Hangar de marché
1611,Avoir de l'eau potable,Autre,KOUCONGOU,5000000,p,N,Accès à l'eau,Forage simple
1478,Avoir un barrage,Autre,GUÉNÉLAGA,5000000,p,N,Production végétale,Aménagement
1476,Avoir un château d'eau,Autre,GUÉNÉLAGA,5000000,p,N,Accès à l'eau,Forage simple
1480,Avoir un hôpital,Autre,GUÉNÉLAGA,5000000,p,N,Santé,Centre de santé d'arrondissement (CSA) ou Centre de santé de commune (CSC)
1906,Barage,Autre,TAKONTA,5000000,p,N,Production végétale,Aménagement
1890,Barrage,Autre,KOUWA N'PONGOU,5000000,p,N,Production végétale,Aménagement
2341,Barrage,Autre,SAWARAROU,5000000,p,N,Production végétale,Aménagement
2652,Barrage,Autre,MOUPÉMOU,5000000,p,N,Production végétale,Aménagement
1893,Barrage,Autre,TCHOUMI-TCHOUMI,5000000,p,N,Production végétale,Aménagement
1902,Barrage,Autre,KOUTIÉ TCHATIDO,5000000,p,N,Production végétale,Aménagement
1516,Besoin de délimitation des couloirs de passages,Autre,SINAOURAROU-GAH,5000000,p,N,Production animale,Aménagement
1504,Besoin de lampadaires solaire à Nassou,Éclairage public solaire,NASSOU,5000000,p,N,Énergie et éclairage,Éclairage public solaire
525,Besoin des équipements et matériaux médicaux avec lampadaire et panneaux solaires,Autre,BÉRÉKOUDO,5000000,p,N,Santé,Centre de santé d'arrondissement (CSA) ou Centre de santé de commune (CSC)
1506,Besoin d'un module de salles de classe à l’EPP Nassou,Autre,NASSOU,5000000,p,N,Education,Module de trois (3) salles de classes + bureau et magasins pour les écoles primaires
1518,Besoin d'un surcreusement,Autre,SINAOURAROU-GAH,5000000,p,N,Production végétale,Aménagement
1515,Besoin en eau potable,Autre,SINAOURAROU-GAH,5000000,p,N,Accès à l'eau,Forage simple
1505,Besoin en eau potable,Autre,NASSOU,5000000,p,N,Accès à l'eau,Forage simple
2469,Boutique,Autre,DOGA DE GOUANDE,5000000,p,N,Infrastructure marchande,Boutique
2471,Boutiques,Autre,DOGA DE GOUANDE,5000000,p,N,Infrastructure marchande,Boutique
2653,Centre d’alphabétisation,Autre,MOUPÉMOU,5000000,p,N,Education,Infrastructure d'alphabétisation
2464,Centre de Formation,Autre,DOGA DE GOUANDE,5000000,p,N,Education,Infrastructure d'alphabétisation
2479,Centre de santé,Autre,KANDEGUEHOUN,5000000,p,N,Santé,Centre de santé d'arrondissement (CSA) ou Centre de santé de commune (CSC)
2484,Centre de santé,Autre,TASSAHOUN,5000000,p,N,Santé,Centre de santé d'arrondissement (CSA) ou Centre de santé de commune (CSC)
2026,Centre de santé,Autre,TAMANDÉ,5000000,p,N,Santé,Centre de santé d'arrondissement (CSA) ou Centre de santé de commune (CSC)
2005,Centre de santé,Autre,GANTIÉCO,5000000,p,N,Santé,Centre de santé d'arrondissement (CSA) ou Centre de santé de commune (CSC)
28,Centre de santé isolé,Autre,TASSIGOUROU,5000000,p,N,Santé,Centre de santé d'arrondissement (CSA) ou Centre de santé de commune (CSC)
2488,Châteaux d'eau,Autre,TCHARIKOUANGA,5000000,p,N,Accès à l'eau,Forage simple
2346,Clôture d'école,Autre,CAMP-ADAGBÈ,5000000,p,N,Education,Clôture de collèges et lycées
2355,Clôture d'école,Autre,BAKPÉROU,5000000,p,N,Education,Clôture de collèges et lycées
2364,Clôture d'école,Autre,BÈYAROU,5000000,p,N,Education,Clôture de collèges et lycées
2367,Clôture de EPP TITIROU,Autre,TITIROU,5000000,p,N,Education,Clôture de collèges et lycées
1033,Cloture de l'Ecole,Autre,LAKALI-KANEY,5000000,p,N,Education,Clôture de collèges et lycées
2351,Clôture de l'école,Autre,DAMAGOUROU,5000000,p,N,Education,Clôture de collèges et lycées
2361,Clôture de l'école,Autre,SINAGOUROU,5000000,p,N,Education,Clôture de collèges et lycées
261,"Clôture de marché, construction de WC",Autre,DÉMSIHOU,5000000,p,N,Infrastructure marchande,Hangar de marché
1880,Clôture du centre de santé,Autre,KOUANDATA,5000000,p,N,Santé,Centre de santé d'arrondissement (CSA) ou Centre de santé de commune (CSC)
2475,Clôture du marché,Autre,GOUANDÉ,5000000,p,N,Infrastructure marchande,Hangar de marché
2574,Clôture du marché à construire,Autre,IKOUNGA,5000000,p,N,Infrastructure marchande,Hangar de marché
58,CLÔTURE LE BARRAGE DE TALINTA AFIN D'ÉVITER LES NOYADES,Autre,TALINTA,5000000,p,N,Production végétale,Aménagement
2207,Condtruction de quatre modules de latrines à quatre cabines et dispositifs de lave main.,Autre,MANIGRI-IKANNI,5000000,p,N,Hygiène et assainissement (WASH),Blocs de latrines publiques modernes
89,Connectivité des pistes,Autre,SOBITÈ,5000000,p,N,Transport rural (connectivité),Piste de desserte rurale
2434,Construction centre de santé communautaire,Autre,SAMTIMBARA,5000000,p,N,Santé,Centre de santé d'arrondissement (CSA) ou Centre de santé de commune (CSC)
2200,Construction de 15 panneaux solaires pour l'éclairage public,Électrification rurale hors réseau,ATCHAKITAM,5000000,p,N,Énergie et éclairage,Électrification rurale hors réseau
2215,"Construction de 3 salles de classes plus bureau,  magasins,  clôture, cantine scolaire et équipements au profit de l’école primaire de Gah",Autre,GAH,5000000,p,N,Education,Complexe pour les cantines scolaires
2303,Construction de barrage,Autre,BOO,5000000,p,N,Production végétale,Aménagement
234,Construction de centre de formation professionnelle au profit des jeunes,Autre,TIMTIM-BONGO,5000000,p,N,Education,Infrastructure d'alphabétisation
292,Construction de centre de santé,Autre,KODOWARI,5000000,p,N,Santé,Centre de santé d'arrondissement (CSA) ou Centre de santé de commune (CSC)
281,Construction de centre de santé à yari,Autre,YARI,5000000,p,N,Santé,Centre de santé d'arrondissement (CSA) ou Centre de santé de commune (CSC)
2206,Construction de dalot d'accès au centre de santé,Autre,MANIGRI-IKANNI,5000000,p,N,Santé,Centre de santé d'arrondissement (CSA) ou Centre de santé de commune (CSC)
2201,Construction de de trois forages et réhabilitation de quatre,Autre,ATCHAKITAM,5000000,p,N,Accès à l'eau,Forage simple
2702,Construction de deux écoles Gonkanin et Honka,Autre,GOUFANROU,5000000,p,N,Education,Module de trois (3) salles de classes + bureau et magasins pour les écoles primaires
2668,Constructiondedeuxouvragesdefranchissementsur,Autre,ADA-KPANÉ,5000000,p,N,Transport rural (connectivité),Piste de desserte rurale
2160,Construction de forage (04),Autre,OURAMARÉ,5000000,p,N,Accès à l'eau,Forage simple
2081,Construction de forage agropastoral,Autre,ALAYOMDÈ,5000000,p,N,Accès à l'eau,Forage simple
2075,Construction de forage agropastoral,Autre,WAKITÈ,5000000,p,N,Accès à l'eau,Forage simple
2065,Construction de forage agropastoral,Autre,SONAHOLOU,5000000,p,N,Accès à l'eau,Forage simple
1054,Construction de forage agro pastorale dans les camps peulhs,Autre,BANITÈ-KOUBÉRI,5000000,p,N,Accès à l'eau,Forage simple
2068,Construction de forage photovoltaïque,Autre,SONAHOLOU,5000000,p,N,Accès à l'eau,Forage simple
2695,Construction de forage pour  le village,Autre,GORGOBA,5000000,p,N,Accès à l'eau,Forage simple
296,Construction de hangar au marché de  Kodowari,Autre,KODOWARI,5000000,p,N,Infrastructure marchande,Hangar de marché
238,Construction de hangar et clôture du marché de bétail,Autre,KPATOUHOU,5000000,p,N,Infrastructure marchande,Hangar de marché
2331,Construction de la clôture de Epp gaanon,Autre,GAANON,5000000,p,N,Education,Clôture de collèges et lycées
2587,Construction de la clôture de l’école,Autre,MAKA,5000000,p,N,Education,Clôture de collèges et lycées
2586,Construction de la clôture de l’école,Autre,FOO,5000000,p,N,Education,Clôture de collèges et lycées
2110,Construction de la clôture de l’école maternelle,Autre,KOUKOULOUNDA,5000000,p,N,Education,Module de deux (2) salles de classe pour les écoles maternelles
2091,Construction de la clôture de l'école primaire de assaradè pour protéger et sécuriser les écoliers,Autre,ASSARADÈ,5000000,p,N,Education,Clôture de collèges et lycées
2271,Construction de la clôture de l'EEP Moudostchori,Autre,WARGOU,5000000,p,N,Education,Clôture de collèges et lycées
2499,Construction de la clôture de l'hôpital de Guilmaro plus forages,Autre,GUILMARO-BOUNKOSSOROU,5000000,p,N,Accès à l'eau,Forage simple
2504,Construction de la clôture du centre de santé de Guilmaro plus forages,Autre,GUILMARO-SINAKPAGOUROU,5000000,p,N,Accès à l'eau,Forage simple
2205,Construction de la cloture du centre de santé d'Ikani et realisation de paillote,Autre,MANIGRI-IKANNI,5000000,p,N,Santé,Centre de santé d'arrondissement (CSA) ou Centre de santé de commune (CSC)
2447,construction de la clôture et aménagement du parc de vaccination de Sobourarou Gah (Sayakrou),Autre,SAYAKROU,5000000,p,N,Production animale,Parc de vaccination
172,Construction de la maison des jeunes,Autre,NIBADARA,5000000,p,N,Sport et loisirs,Infrastructure
167,Construction de la maison des jeunes,Autre,KAOUTÉ,5000000,p,N,Sport et loisirs,Infrastructure
33,Construction de la route,Autre,YAKABISSI,5000000,p,N,Transport rural (connectivité),Piste de desserte rurale
2067,Construction de latrines,Autre,SONAHOLOU,5000000,p,N,Hygiène et assainissement (WASH),Blocs de latrines publiques modernes
2089,Construction de latrines,Autre,TCHALADÈ,5000000,p,N,Hygiène et assainissement (WASH),Blocs de latrines publiques modernes
2014,Construction de latrines,Autre,BIRNI-KANKOULKA,5000000,p,N,Hygiène et assainissement (WASH),Blocs de latrines publiques modernes
2072,Construction de latrines,Autre,SONATÉ,5000000,p,N,Hygiène et assainissement (WASH),Blocs de latrines publiques modernes
2082,Construction de latrines,Autre,ALAYOMDÈ,5000000,p,N,Hygiène et assainissement (WASH),Blocs de latrines publiques modernes
86,Construction de l’école maternelle,Autre,SOBITÈ,5000000,p,N,Education,Module de deux (2) salles de classe pour les écoles maternelles
2404,Construction de logements pour enseignant s,Autre,GARBEY-KOARA,5000000,p,N,Education,Logement pour les enseignants du primaire
2583,Construction de magasin,Autre,FOO,5000000,p,N,Infrastructure marchande,Magasin de stockage
280,Construction de magasin de stockage pour les produits,Autre,YARI,5000000,p,N,Infrastructure marchande,Magasin de stockage
174,Construction de magasins de stockage,Autre,NIBADARA,5000000,p,N,Infrastructure marchande,Magasin de stockage
274,Construction de maison des jeunes des jeunes,Autre,TCHÉTOU,5000000,p,N,Sport et loisirs,Infrastructure
294,Construction de maison des jeunes des jeunes,Autre,KODOWARI,5000000,p,N,Sport et loisirs,Infrastructure
311,Construction de marché,Autre,ABINTAGA,5000000,p,N,Infrastructure marchande,Hangar de marché
254,Construction de marché de bayakou,Autre,BAYAKOU,5000000,p,N,Infrastructure marchande,Hangar de marché
2657,Construction de module de classe,Autre,COTIAKOU,5000000,p,N,Education,Module de trois (3) salles de classes + bureau et magasins pour les écoles primaires
2161,Construction de module de classe à Lélou,Autre,OURAMARÉ,5000000,p,N,Education,Module de trois (3) salles de classes + bureau et magasins pour les écoles primaires
2078,Construction de module de salles de classes à l’EM,Autre,WAKITÈ,5000000,p,N,Education,Module de trois (3) salles de classes + bureau et magasins pour les écoles primaires
2066,Construction de module de salles de classes à l’EM,Autre,SONAHOLOU,5000000,p,N,Education,Module de trois (3) salles de classes + bureau et magasins pour les écoles primaires
2070,Construction de module de salles de classes à l’EM,Autre,SONATÉ,5000000,p,N,Education,Module de trois (3) salles de classes + bureau et magasins pour les écoles primaires
1750,Construction de module de trois classes,Autre,GOGONIGA,5000000,p,N,Education,Module de trois (3) salles de classes + bureau et magasins pour les écoles primaires
1759,"Construction de module de trois classes, équipé à l’EPP Zongo au profit des élèves",Autre,ZONGO DE DJOUGOU1,5000000,p,N,Education,Module de trois (3) salles de classes + bureau et magasins pour les écoles primaires
291,Construction de module salle classe équipée,Autre,PÉNESSOULOU,5000000,p,N,Education,Module de trois (3) salles de classes + bureau et magasins pour les écoles primaires
275,Construction de modules de salle classe équipée de table bancs,Autre,TCHÉTOU,5000000,p,N,Education,Table + bancs pour les écoles primaires
293,Construction de modules de salle classe équipée de table bancs au CEG,Autre,KODOWARI,5000000,p,N,Education,Table + bancs pour les collèges et lycées
176,Construction de modules de salles de classe à l’EPP,Autre,PARTAGO DE ALEDJO,5000000,p,N,Education,Module de trois (3) salles de classes + bureau et magasins pour les écoles primaires
1753,"Construction de modules de trois classes, équipé et forage à l’EPP Madina",Autre,MADINA DE DJOUGOU1,5000000,p,N,Accès à l'eau,Forage simple
321,Construction de retenue d'eau,Autre,PARTAGO,5000000,p,N,Production végétale,Aménagement
2616,Construction  de salle d’alphabétisation en langue fulfulde,Autre,GORA -PEULH,5000000,p,N,Education,Infrastructure d'alphabétisation
278,Construction de salle de classe équipée,Autre,YARI,5000000,p,N,Education,Module de trois (3) salles de classes + bureau et magasins pour les écoles primaires
282,Construction de salle de classe équipée de table bancs,Autre,NAGAYILÉ,5000000,p,N,Education,Table + bancs pour les écoles primaires
2087,Construction de salles de classes à l’école maternelle de Tchaladè,Autre,TCHALADÈ,5000000,p,N,Education,Module de deux (2) salles de classe pour les écoles maternelles
2080,Construction de salles de classes à l’EPP Alayomdè,Autre,ALAYOMDÈ,5000000,p,N,Education,Module de trois (3) salles de classes + bureau et magasins pour les écoles primaires
2013,Construction des boutiques et hangars,Autre,BIRNI-KANKOULKA,5000000,p,N,Infrastructure marchande,Hangar de marché
230,Construction des hangars dans le marché de Diépani-Balimboli,Autre,DIÉPANI-BALIMBOLI,5000000,p,N,Infrastructure marchande,Hangar de marché
2704,construction des latrines,Autre,GOUFANROU,5000000,p,N,Hygiène et assainissement (WASH),Blocs de latrines publiques modernes
1568,Construction des latrines à quatre cabines à l’EPP de Natchénté,Autre,NATCHÉNTÉ,5000000,p,N,Education,Module de trois (3) salles de classes + bureau et magasins pour les écoles primaires
54,Construction des latrines au profit de la communauté de sapaha,Autre,SAPAHA,5000000,p,N,Hygiène et assainissement (WASH),Blocs de latrines publiques modernes
223,Construction des latrines publiques au sein du quartier baka baka,Autre,BASSILA BAKABAKA,5000000,p,N,Hygiène et assainissement (WASH),Blocs de latrines publiques modernes
2103,Construction des latrines publiques d'ans le village,Autre,KANTÈ,5000000,p,N,Hygiène et assainissement (WASH),Blocs de latrines publiques modernes
79,Construction des latrines publiques dans le village,Autre,ALITOKOUM,5000000,p,N,Hygiène et assainissement (WASH),Blocs de latrines publiques modernes
2700,"construction des pistes reliant Goufanrou Yakabissi , Hongon",Autre,GOUFANROU,5000000,p,N,Transport rural (connectivité),Piste de desserte rurale
242,Construction des sites de collecte des déchets,Autre,BAPARAPÉ,5000000,p,N,Hygiène et assainissement (WASH),Blocs de latrines publiques modernes
2167,Construction des WC dans l’école centre,Autre,TCHINGAYARÉ,5000000,p,N,Education,Module de trois (3) salles de classes + bureau et magasins pour les écoles primaires
244,Construction des WC modernes,Autre,BAPARAPÉ,5000000,p,N,Hygiène et assainissement (WASH),Blocs de latrines publiques modernes
2273,Construction des WC publics modernes,Autre,WARGOU,5000000,p,N,Hygiène et assainissement (WASH),Blocs de latrines publiques modernes
663,Construction d’ouvrages de franchissement sur l’axe BESSESSI et LOU,Autre,BESSASSI-BÉA,5000000,p,N,Transport rural (connectivité),Piste de desserte rurale
1490,"Construction d’ouvrages hydrauliques à but pastoral sur le site de sédentarisation des éleveurs sis à Nassou au profit des éleveurs de Nassou, Somparérou Gah, Bouérou, Sinaourarou Gah et environs",Autre,SOMPARÉROU-GAH,5000000,p,N,Production animale,Aménagement
1495,"Construction d’ouvrages hydrauliques à but pastoral sur le site de sédentarisation des éleveurs sis à Nassou au profit des éleveurs de Nassou, Somparérou Gah, Bouérou, Sinaourarou Gah et environs",Autre,BOUÉROU,5000000,p,N,Production animale,Aménagement
1961,Construction du Bon de oly,Autre,BARKÈDJÈ,5000000,p,N,Autre,Autre
463,Construction du grand pont de souedarou,Autre,KPARO,5000000,p,N,Transport rural (connectivité),Piste de desserte rurale
2584,Construction du marché de foo_tancé,Autre,FOO,5000000,p,N,Infrastructure marchande,Hangar de marché
2528,Construction du module de 3 classes et un magasin à  cantine,Autre,AGBONTÊ,5000000,p,N,Education,Complexe pour les cantines scolaires
416,Construction d'un barrage,Autre,GBÉSSAKPÉROU,5000000,p,N,Production végétale,Aménagement
974,Construction d'un barrage,Autre,BANHOUN-KPO,5000000,p,N,Production végétale,Aménagement
1402,Construction d'un barrage,Autre,KPASSANA,5000000,p,N,Production végétale,Aménagement
185,Construction d'un barrage,Autre,ADJIMON,5000000,p,N,Production végétale,Aménagement
1468,Construction d'un barrage,Autre,SINWAN,5000000,p,N,Production végétale,Aménagement
144,Construction d'un barrage,Autre,AORO-LOKPA,5000000,p,N,Production végétale,Aménagement
791,Construction d'un barrage Agro pastorale,Autre,ANGANKIROU,5000000,p,N,Production animale,Aménagement
109,Construction d'un Barrage agro- pastorale,Autre,ADJÊDÈ,5000000,p,N,Production animale,Aménagement
944,Construction d'un barrage Agro-pastoralisme à sakanakpeba,Autre,SAKANA- KPÉBA,5000000,p,N,Production animale,Aménagement
1472,Construction d'un barrage d'abreuvage des animaux vers la voie de guénélaga,Autre,GANDOLOUKASSA,5000000,p,N,Production animale,Alimentation
524,Construction d'un barrage hydro pastoral,Autre,BÉRÉKOUDO,5000000,p,N,Production végétale,Aménagement
528,Construction d'un barrage hydro pastoral,Autre,GOMMEY,5000000,p,N,Production végétale,Aménagement
534,Construction d'un barrage hydro pastoral,Autre,NASSY,5000000,p,N,Production végétale,Aménagement
539,Construction d'un barrage hydro pastoral dans la localité de Nassy-Gando,Autre,NASSY-GANDO,5000000,p,N,Production végétale,Aménagement
194,Construction d'un barrage pour abreuver les animaux,Autre,IGBOMAKRO,5000000,p,N,Production animale,Alimentation
188,Construction d'un barrage pour abreuver les animaux et le maraîchage,Autre,BASSILA ABIGUÉDOU,5000000,p,N,Production animale,Alimentation
166,Construction d’un barrage pour le maraîchage,Autre,KAOUTÉ,5000000,p,N,Production végétale,Aménagement
178,Construction d’un barrage pour le maraîchage,Autre,PARTAGO DE ALEDJO,5000000,p,N,Production végétale,Aménagement
2306,Construction d’un barrage pour retenir l’eau,Autre,DONKPARAWI,5000000,p,N,Production végétale,Aménagement
2214,"Construction d'un bâtiment de 2 classes plus bureau,  magasins, forage, clôture, cantine scolaire et équipements au profit de l’école maternelle de Gah",Autre,GAH,5000000,p,N,Accès à l'eau,Forage simple
1579,Construction d'un bloc de latrine à 4 cabines à l’EPP de dipoli,Autre,DIPOLI,5000000,p,N,Education,Module de trois (3) salles de classes + bureau et magasins pour les écoles primaires
609,Construction d'un bloc de latrines à deux cabines +2 douches et acquisitions+installation des lampadaires solaires au niveau des places et lieux publics dans le village gah gbérou,Autre,GAN -GBÉROU,5000000,p,N,Hygiène et assainissement (WASH),Blocs de latrines publiques modernes
2524,Construction d'un bloc de latrines à l’EPP de kèwakè,Autre,OUKOUNSÉRIHOUN,5000000,p,N,Education,Module de trois (3) salles de classes + bureau et magasins pour les écoles primaires
594,Construction d'un bloc de latrines publique,Autre,SOMBIRIKPÉROU,5000000,p,N,Hygiène et assainissement (WASH),Blocs de latrines publiques modernes
1052,Construction d'un bloc d'un de latrines à 04 cabines,Autre,BANITÈ-KOUBÉRI,5000000,p,N,Hygiène et assainissement (WASH),Blocs de latrines publiques modernes
2585,Construction d’un centre d’alphabétisation,Autre,FOO,5000000,p,N,Education,Infrastructure d'alphabétisation
1809,Construction d’un centre d’alphabétisation en langue fulfulde,Autre,DANRI DE FOO_TANCE,5000000,p,N,Education,Infrastructure d'alphabétisation
1807,CONSTRUCTION D’UN CENTRE D’ALPHABÉTISATION EN WAMA,Autre,BOROYINDÉ,5000000,p,N,Education,Infrastructure d'alphabétisation
2600,Construction d’un centre d’alphabétisation et de formation,Autre,TANCÉ,5000000,p,N,Education,Infrastructure d'alphabétisation
912,Construction d'un centre de collecte de lait de vache,Autre,GAH- MARO-PEULH,5000000,p,N,Production animale,Aménagement
1851,Construction d'un centre de formation pour artisans,Autre,N’DAHONTA,5000000,p,N,Transformation,Equipement
66,Construction d’un centre de formation pour la transformation des produits agricoles,Autre,TCHALINGA,5000000,p,N,Production végétale,Aménagement
228,Construction d'un centre de loisirs et du sport au profit des jeunes de Diépani-Balimboli,Autre,DIÉPANI-BALIMBOLI,5000000,p,N,Sport et loisirs,Infrastructure
973,Construction d'un centre de mécanisation agricole,Autre,BANHOUN-KPO,5000000,p,N,Production végétale,Aménagement
383,Construction d'un centre de santé à Gnelsanda,Autre,GNELSANDA,5000000,p,N,Santé,Centre de santé d'arrondissement (CSA) ou Centre de santé de commune (CSC)
2724,Construction d'un centre de santé à kamana,Autre,KAMANAN,5000000,p,N,Santé,Centre de santé d'arrondissement (CSA) ou Centre de santé de commune (CSC)
836,Construction d’un centre de santé à sansi,Autre,SANSI,5000000,p,N,Santé,Centre de santé d'arrondissement (CSA) ou Centre de santé de commune (CSC)
2391,Construction d’un centre de santé au profit de la communauté de TONDIKOARIA,Autre,TONDIKOARIA,5000000,p,N,Santé,Centre de santé d'arrondissement (CSA) ou Centre de santé de commune (CSC)
2158,Construction d’un centre de santé isolé,Autre,KOUBLY,5000000,p,N,Santé,Centre de santé d'arrondissement (CSA) ou Centre de santé de commune (CSC)
865,Construction d’un château à usage multiples,Autre,DÉMAN,5000000,p,N,Accès à l'eau,Forage simple
2426,Construction d'un château d'eau à usage multiple équipé de panneaux solaires,Autre,BATAZI,5000000,p,N,Accès à l'eau,Forage simple
2421,Construction d'un château d'eau à usage multiple équipé de panneaux solaires,Autre,GBESSARÈ,5000000,p,N,Accès à l'eau,Forage simple
2431,Construction d'un château d'eau a usage multiple pour l'alimentation en eau,Autre,SAMTIMBARA,5000000,p,N,Accès à l'eau,Forage simple
618,Construction d'un château d'eau à usage multiple pour l'alimentation en eau potable,Autre,TASSO,5000000,p,N,Accès à l'eau,Forage simple
605,Construction d'un château d'eau à usage multiple pour l'alimentation en eau potable,Autre,GAN -GBÉROU,5000000,p,N,Accès à l'eau,Forage simple
614,Construction d'un château d'eau à usage multiple pour l'alimentation en eau potable,Autre,KPÉBOURABOU,5000000,p,N,Accès à l'eau,Forage simple
866,Construction d’un château d’eau à usage multiples,Autre,GORÉ,5000000,p,N,Accès à l'eau,Forage simple
862,Construction d’un château d’eau à usage multiples,Autre,CHEIN-TASSO,5000000,p,N,Accès à l'eau,Forage simple
1884,Construction d'un couloir de passage,Autre,KOUNADORGOU,5000000,p,N,Production animale,Aménagement
170,Construction d’un dispensaire isolé,Autre,NIBADARA,5000000,p,N,Santé,Dispensaire isolé
67,Construction d’une bibliothèque pour le village de Tchalinga,Autre,TCHALINGA,5000000,p,N,Education,Module de trois (3) salles de classes + bureau et magasins pour les écoles primaires
1967,Construction d’une boucherie,Autre,BOUKANÈRÈ,5000000,p,N,Infrastructure marchande,Marché de bétail
645,Construction d'une boucherie à Boa gando,Autre,BOA-GANDO,5000000,p,N,Infrastructure marchande,Marché de bétail
477,Construction d'une boucherie à Seko Kparou,Autre,SÉKO-KPAROU,5000000,p,N,Infrastructure marchande,Marché de bétail
746,Construction d'une boucherie moderne plus abattoir,Autre,GANDO-BAKA,5000000,p,N,Infrastructure marchande,Marché de bétail
2280,Construction d'une centre de santé,Autre,DANTCHA,5000000,p,N,Santé,Centre de santé d'arrondissement (CSA) ou Centre de santé de commune (CSC)
2064,Construction d'une clôture pour l'école primaire,Autre,BIRNI MARO,5000000,p,N,Education,Clôture de collèges et lycées
1917,Construction d'une cuisine pour la cantine dans l’EPP,Autre,KOUWETAKOUANGOU,5000000,p,N,Education,Complexe pour les cantines scolaires
1542,Construction d’une cuisine + réfectoire + magasin,Autre,GNAMPOLI,5000000,p,N,Infrastructure marchande,Magasin de stockage
2571,Construction d’une école maternelle,Autre,IKOUNGA,5000000,p,N,Education,Module de deux (2) salles de classe pour les écoles maternelles
1117,Construction d'une infrastructure de santé à Yangueri,Autre,YANGUÉRI,5000000,p,N,Santé,Centre de santé d'arrondissement (CSA) ou Centre de santé de commune (CSC)
2155,Construction d’une maison des jeunes,Autre,KOUBLY,5000000,p,N,Sport et loisirs,Infrastructure
1550,Construction d’une maison des jeunes,Autre,YINSIGA,5000000,p,N,Sport et loisirs,Infrastructure
1545,Construction d’une maison des jeunes,Autre,KAOBAGOU,5000000,p,N,Sport et loisirs,Infrastructure
2422,Construction d'une marre,Autre,GBESSARÈ,5000000,p,N,Production végétale,Aménagement
1082,Construction d'une maternité,Autre,SAMPÈTO,5000000,p,N,Santé,Lits de maternité et d'hospitalisation
191,Construction d'une maternité,Autre,IGBOMAKRO,5000000,p,N,Santé,Lits de maternité et d'hospitalisation
1123,Construction d'une maternité à l'hôpital de yinyinpogou,Autre,YINYINPOGOU,5000000,p,N,Santé,Lits de maternité et d'hospitalisation
815,Construction d'une maternité à l'hôpital de zone de ouénou,Autre,OUROUMON,5000000,p,N,Santé,Lits de maternité et d'hospitalisation
1078,Construction d'une maternité avec le logement des agents de santé,Autre,IGRIGOU,5000000,p,N,Santé,Lits de maternité et d'hospitalisation
2508,Construction d'une maternité dans le centre de santé de kèdékou,Autre,KÈDÉKOU,5000000,p,N,Santé,Lits de maternité et d'hospitalisation
1352,"Construction d'une maternité, réhabilitation plus acquisition de matériels au profit du centre de santé de Dougou",Autre,DOUGOU,5000000,p,N,Santé,Lits de maternité et d'hospitalisation
1219,Construction d’une minicentrale solaire pour électrifier le village,Éclairage public solaire,KAMBOUWO-TOUNGA,5000000,p,N,Énergie et éclairage,Éclairage public solaire
1462,Construction d'une petite unité de fabrication du savon,Autre,GBÈKAKAROU,5000000,p,N,Transformation,Equipement
1086,Construction d'une retenue d'eau,Autre,SAMPÈTO,5000000,p,N,Production végétale,Aménagement
1073,Construction d'une retenue d'eau,Autre,SISSIANGANROU,5000000,p,N,Production végétale,Aménagement
2428,Construction d'une retenue d'eau,Autre,BATAZI,5000000,p,N,Production végétale,Aménagement
446,Construction d'une retenue d'eau,Autre,WOROUMANGASSAROU,5000000,p,N,Production végétale,Aménagement
1081,Construction d'une retenue d'eau,Autre,IGRIGOU,5000000,p,N,Production végétale,Aménagement
436,Construction d'une retenue d'eau,Autre,SOUBO-BARAWOROU,5000000,p,N,Production végétale,Aménagement
442,Construction d'une retenue d'eau,Autre,SOUBO-GANDÉROU,5000000,p,N,Production végétale,Aménagement
2010,Construction d'une Retenue d'eau,Autre,GBÉNIKI,5000000,p,N,Production végétale,Aménagement
2100,Construction d’une retenue d’eau pastorale et faire des ouverture des couloirs de passage des animaux,Autre,KANTÈ,5000000,p,N,Production animale,Aménagement
2114,Construction d’une retenue d’eau pastorale pour abreuver les animaux,Autre,KPÉLITÉ,5000000,p,N,Production animale,Alimentation
2643,Construction d’une retenue d’eau plus abreuvoir pour les bêtes et forage d’alimentation muni d’un château d’eau,Autre,TIGNINTI,5000000,p,N,Accès à l'eau,Forage + abreuvoir
2520,Construction d’une salle d'alphabétisation de la langue maternelle,Autre,MANTCHARI,5000000,p,N,Education,Module de deux (2) salles de classe pour les écoles maternelles
2390,Construction d’une salle de classe au profit des élèves de TONDIKOARIA.,Autre,TONDIKOARIA,5000000,p,N,Education,Module de trois (3) salles de classes + bureau et magasins pour les écoles primaires
471,Construction d'une salle de garde des malades et équipements au centre de santé de Sèkèrè,Autre,SÈKÈRÈ-MARO,5000000,p,N,Santé,Centre de santé d'arrondissement (CSA) ou Centre de santé de commune (CSC)
464,Construction d'une salle de maternité à l'hôpital,Autre,KPARO,5000000,p,N,Santé,Lits de maternité et d'hospitalisation
2218,Construction d'une salle de réunion au profit du village,Autre,MORWATCHOHI,5000000,p,N,Autre,Autre
2658,Construction d’une salle d’hospitalisation,Autre,COTIAKOU,5000000,p,N,Santé,Lits de maternité et d'hospitalisation
2209,Construction d'une salle d’hospitalisation au profit de centre de santé de Founga,Autre,FOUNGA,5000000,p,N,Santé,Lits de maternité et d'hospitalisation
1629,Construction d'une salle d'hospitalisation dans le centre de santé de Koussoucoingou,Autre,KOUTAYAGOU,5000000,p,N,Santé,Lits de maternité et d'hospitalisation
1934,Construction d'une salle d’hospitalisation  et clôture du centre de santé et équipements en mobilier,Autre,KOUSSOUCOINGOU,5000000,p,N,Santé,Lits de maternité et d'hospitalisation
87,Construction d’un forage,Autre,SOBITÈ,5000000,p,N,Accès à l'eau,Forage simple
1116,Construction d'un forage Agro pastoral,Autre,POGOUSSOROU,5000000,p,N,Accès à l'eau,Forage simple
1119,Construction d'un forage Agro-pastoral à Yangueri,Autre,YANGUÉRI,5000000,p,N,Accès à l'eau,Forage simple
1096,Construction d'un forage agro-pastorale,Autre,GUÉNÉ-ZERMÉ,5000000,p,N,Accès à l'eau,Forage simple
1061,Construction d'un forage agro-pastorale,Autre,BOFOUNOU,5000000,p,N,Accès à l'eau,Forage simple
1062,Construction d'un forage agro-pastorale,Autre,IBOTO,5000000,p,N,Accès à l'eau,Forage simple
1067,Construction d'un forage agro-pastorale,Autre,KPAKO-GBABI,5000000,p,N,Accès à l'eau,Forage simple
1076,Construction d'un forage agro-pastorale,Autre,SISSIANGANROU,5000000,p,N,Accès à l'eau,Forage simple
2673,Constructiond'unforageagropastoralemultifonctionnel à Gbérou kpanè ( une ferme du village),Autre,BESSASSI-BOUCA,5000000,p,N,Accès à l'eau,Forage simple
1994,Construction d'un forage agropastoral multifonctionnel Gnel Boucatou centre,Autre,GNEL-BOUCATOU,5000000,p,N,Accès à l'eau,Forage simple
827,Construction d’un forage d’eau dans le village,Autre,WÉKÉTÈRÈ,5000000,p,N,Accès à l'eau,Forage simple
171,Construction d’un forage muni de château,Autre,NIBADARA,5000000,p,N,Accès à l'eau,Forage simple
90,Construction d'un forage photovoltaïque,Autre,SOBITÈ,5000000,p,N,Accès à l'eau,Forage simple
1589,Construction d'un hangar au centre de santé pour les consultations prénatales et vaccination,Autre,OKOUARO,5000000,p,N,Santé,Centre de santé d'arrondissement (CSA) ou Centre de santé de commune (CSC)
2516,Construction d'un hangar pour les consultations prénatales et les vaccinations au centre de santé de dimansouri,Autre,DISSAPOLI,5000000,p,N,Santé,Centre de santé d'arrondissement (CSA) ou Centre de santé de commune (CSC)
2696,Construction  d'un  hôpital,Autre,GORGOBA,5000000,p,N,Santé,Centre de santé d'arrondissement (CSA) ou Centre de santé de commune (CSC)
1623,Construction d'un logement pour les enseignants,Autre,KOUSSOUNOUNGOU,5000000,p,N,Education,Logement pour les enseignants du primaire
1628,Construction d'un logement pour les enseignants à Koutayagou,Autre,KOUTAYAGOU,5000000,p,N,Education,Logement pour les enseignants du primaire
2565,Construction d'un logement pour les enseignants de l'EPP Tipaoti,Autre,TIPAOTI,5000000,p,N,Education,Logement pour les enseignants du primaire
2619,Construction d’un magasin de stockage,Autre,KPIKIRÉ KOKA,5000000,p,N,Infrastructure marchande,Magasin de stockage
2569,Construction d’un magasin de stockage,Autre,IKOUNGA,5000000,p,N,Infrastructure marchande,Magasin de stockage
2621,Construction d’un magasin de stockage,Autre,SONNOUGOBÉROU,5000000,p,N,Infrastructure marchande,Magasin de stockage
2618,Construction d’un magasin de stockage,Autre,GUILMARO-GARKOUSSON,5000000,p,N,Infrastructure marchande,Magasin de stockage
2159,Construction d’un magasin de stockage,Autre,KOUBLY,5000000,p,N,Infrastructure marchande,Magasin de stockage
2675,Constructiond'unmagasindestockagede100tonnes de vivre,Autre,BESSASSI-BOUCA,5000000,p,N,Infrastructure marchande,Magasin de stockage
2116,Construction d’un magasin de stockage de céréales,Autre,KPÉLITÉ,5000000,p,N,Infrastructure marchande,Magasin de stockage
1668,Construction d’un magasin de stockage de céréales au profit des cultivateurs,Autre,WOLO,5000000,p,N,Infrastructure marchande,Magasin de stockage
2617,Construction d'un magasin de stockage de produits agricoles,Autre,GOUTÉRÉ,5000000,p,N,Infrastructure marchande,Magasin de stockage
2226,Construction d’un magasin de stockage de produits agricoles,Autre,DJAKPINGOU,5000000,p,N,Infrastructure marchande,Magasin de stockage
2231,Construction d’un magasin de stockage de produits culture,Autre,KPARSI,5000000,p,N,Infrastructure marchande,Magasin de stockage
240,Construction d’un magasin de stockage de produits culture,Autre,KPATOUHOU,5000000,p,N,Infrastructure marchande,Magasin de stockage
612,Construction d'un magasin de stockage de produits vivrières+lampadaires solaires,Autre,GBABIRÉ,5000000,p,N,Infrastructure marchande,Magasin de stockage
1600,Construction d’un magasin de stockage des produits agricoles,Autre,KOUKOUATCHIENGOU,5000000,p,N,Infrastructure marchande,Magasin de stockage
2561,Construction d’un magasin de stockage des produits agricoles,Autre,KOUMAGOU,5000000,p,N,Infrastructure marchande,Magasin de stockage
1811,Construction d’un magasin de stockage des produits agricoles,Autre,DANRI DE FOO_TANCE,5000000,p,N,Infrastructure marchande,Magasin de stockage
1528,Construction d’un magasin de stockage des produits agricoles plus aires de séchage et lampadaires solaire au profit de l’ADV de Fo-Mama,Autre,FOO-MAMA,5000000,p,N,Infrastructure marchande,Magasin de stockage
2549,Construction d’un magasin de stockage des produits fourragères,Autre,KOTOTOUGOU,5000000,p,N,Infrastructure marchande,Magasin de stockage
343,Construction d’un magasin de stockage des produits vivrier,Autre,WONKO DERASSI,5000000,p,N,Infrastructure marchande,Magasin de stockage
615,Construction d'un magasin de stockage des produits vivrières plus 02 lampadaires solaires,Autre,KPÉBOURABOU,5000000,p,N,Infrastructure marchande,Magasin de stockage
1921,Construction d'un magasin de stockage des produits vivriers,Autre,TAKPANTA,5000000,p,N,Infrastructure marchande,Magasin de stockage
2540,Construction d’un magasin de stockage des produits vivriers,Autre,DITCHENDIA,5000000,p,N,Infrastructure marchande,Magasin de stockage
1059,Construction d'un magasin de stockage des vivres dans le village,Autre,KANTORO,5000000,p,N,Infrastructure marchande,Magasin de stockage
2412,Construction d'un magasin de vivre pour la cantine scolaire  de kéné- Tounga,Autre,KÉNÉ-TOUNGA,5000000,p,N,Education,Complexe pour les cantines scolaires
2689,Construction d’un magasin de warrantage de 300 tonnes,Autre,GBÉROUGBASSI,5000000,p,N,Infrastructure marchande,Magasin de stockage
2264,Construction d’un magasin moderne de stockage de produits agricoles au profit de la communauté,Autre,SEHVESSI,5000000,p,N,Infrastructure marchande,Magasin de stockage
2254,Construction d’un magasin moderne de stockage de produits agricoles au profit de la communauté,Autre,DÉNDOUGOU,5000000,p,N,Infrastructure marchande,Magasin de stockage
2259,Construction d’un magasin spécialisé et moderne au profit de la communauté,Autre,FORMAGAZI,5000000,p,N,Infrastructure marchande,Magasin de stockage
2240,Construction d’un magasin spécialisé ou moderne au profit de la communauté,Autre,LÉMAN-MANDÈ,5000000,p,N,Infrastructure marchande,Magasin de stockage
2097,Construction d’un magasin stockage des céréales,Autre,AWANLA,5000000,p,N,Infrastructure marchande,Magasin de stockage
2685,Construction d'un magasin warantage de 100 tonnes,Autre,GBASSI,5000000,p,N,Infrastructure marchande,Magasin de stockage
454,Construction d'un micro barrage,Autre,DJILIDJALARÉ,5000000,p,N,Production végétale,Aménagement
452,Construction d'un micro barrage,Autre,DANGOROU,5000000,p,N,Production végétale,Aménagement
1667,Construction d’un module à trois classes et équipements des salles de classe,Autre,WOLO,5000000,p,N,Education,Module de trois (3) salles de classes + bureau et magasins pour les écoles primaires
2509,Construction d'un module de 03 salles de classe à l'EPP KÈDÉKOU,Autre,KÈDÉKOU,5000000,p,N,Education,Module de trois (3) salles de classes + bureau et magasins pour les écoles primaires
1523,Construction d’un module de 03 salles de classe pour l’école maternelle,Autre,DAMOUTI,5000000,p,N,Education,Module de deux (2) salles de classe pour les écoles maternelles
2293,Construction d'un module de 2 salles de classes+Bureau et magasin pour la maternelle de badekparou et équipements,Autre,BADÉKPAROU,5000000,p,N,Education,Module de deux (2) salles de classe pour les écoles maternelles
613,"Construction d'un module de 3 salle de classe plus bureau, magasin avec un bloc de latrines à 04 cabines+mobiliers+panneaux solaires photovoltaïques",Autre,GBABIRÉ,5000000,p,N,Education,Bureau d'école primaire
2294,Construction d'un module de 3 salles de classes avec bureau et magasin dans l'Epp groupe B et équipements,Autre,BADÉKPAROU,5000000,p,N,Education,Bureau d'école primaire
2297,Construction d'un module de 3 salles de classes avec bureau et magasin dans l'Epp sidi gah et équipements,Autre,BADÉKPAROU,5000000,p,N,Education,Bureau d'école primaire
131,Construction d’un module de 3 salles de classes + bureau magasin et cantine scolaire à l’EPP TÈKÈ TÉROU,Autre,TÈKÈ-TÉROU,5000000,p,N,Education,Complexe pour les cantines scolaires
2595,Construction d’un module de classe,Autre,OROUBOUSSOUKOU,5000000,p,N,Education,Module de trois (3) salles de classes + bureau et magasins pour les écoles primaires
2057,Construction d’un module de classe à l’école maternelle de Kadolassi,Autre,KADOLASSI,5000000,p,N,Education,Module de deux (2) salles de classe pour les écoles maternelles
2239,Construction d’un module de classe de la maternelle au profit de la communauté,Autre,LÉMAN-MANDÈ,5000000,p,N,Education,Module de deux (2) salles de classe pour les écoles maternelles
2235,Construction d’un module de classe de la maternelle au profit de la communauté,Autre,LÉMAN-BOGOU,5000000,p,N,Education,Module de deux (2) salles de classe pour les écoles maternelles
2251,Construction d’un module de classe de l’école maternelle au profit de la communauté,Autre,DÉNDOUGOU,5000000,p,N,Education,Module de deux (2) salles de classe pour les écoles maternelles
2266,Construction d’un module de classe de l’école primaire et extension du clôture,Autre,ZOUNTORI,5000000,p,N,Education,Clôture de collèges et lycées
2243,Construction d’un module de classe de l’école primaire et extension du clôture,Autre,BATOULOU,5000000,p,N,Education,Clôture de collèges et lycées
236,"Construction d’un module de classe, direction et salle de restauration de cantine au profit de l’école maternelle",Autre,KPATOUHOU,5000000,p,N,Education,Module de deux (2) salles de classe pour les écoles maternelles
2230,Construction d’un module de classe pour l’école de koudjourougou,Autre,KPARSI,5000000,p,N,Education,Module de trois (3) salles de classes + bureau et magasins pour les écoles primaires
2692,Construction d'un module de classes,Autre,BIRNI-KPÉBIROU,5000000,p,N,Education,Module de trois (3) salles de classes + bureau et magasins pour les écoles primaires
130,Construction d’un module de deux salles de classes +bureau magasin et équipements à l’EM Tèkè Térou,Autre,TÈKÈ-TÉROU,5000000,p,N,Education,Bureau d'école primaire
125,Construction d’un module de deux salles de classes et équipements +blocs de latrines +eau potable à l’école maternelle de Igbèrè,Autre,IGBÈRÈ,5000000,p,N,Accès à l'eau,Forage simple
2601,Construction d’un module de salle de classe,Autre,TANCÉ,5000000,p,N,Education,Module de trois (3) salles de classes + bureau et magasins pour les écoles primaires
2603,Construction d’un module de salle de classe,Autre,TIKOU,5000000,p,N,Education,Module de trois (3) salles de classes + bureau et magasins pour les écoles primaires
2106,Construction d’un module de salle de classe à l’école maternelle,Autre,KASSUA-ALLAH,5000000,p,N,Education,Module de deux (2) salles de classe pour les écoles maternelles
2101,Construction d’un module de salle de classe à l’école maternelle Kantè,Autre,KANTÈ,5000000,p,N,Education,Module de deux (2) salles de classe pour les écoles maternelles
2121,Construction d’un module de salle de classe à l’école primaire,Autre,KPÉLOUDÈ,5000000,p,N,Education,Module de trois (3) salles de classes + bureau et magasins pour les écoles primaires
2109,Construction d’un module de salle de classe à l’école primaire,Autre,KOUKOULOUNDA,5000000,p,N,Education,Module de trois (3) salles de classes + bureau et magasins pour les écoles primaires
1648,Construction d'un module de salle de classe à l'EPP de Kouhanrigou,Autre,KOUSSETIEGOU,5000000,p,N,Education,Module de trois (3) salles de classes + bureau et magasins pour les écoles primaires
1507,Construction d'un module de salles de classe à l'école centre,Autre,PÉHUNCO II,5000000,p,N,Education,Module de trois (3) salles de classes + bureau et magasins pour les écoles primaires
1511,Construction d'un module de salles de classe à L'EPP Sinaourarou,Autre,SINAOURAROU,5000000,p,N,Education,Module de trois (3) salles de classes + bureau et magasins pour les écoles primaires
1508,Construction d'un module de salles de classe au ceg 2 de Péhunco,Autre,PÉHUNCO II,5000000,p,N,Education,Salles de classes pour les collèges et lycées
88,Construction d'un module de salles de classes à EPP Sobitè,Autre,SOBITÈ,5000000,p,N,Education,Module de trois (3) salles de classes + bureau et magasins pour les écoles primaires
380,Construction d'un module de six classes+Bureau -Magasin plus mobiliers à l'EPP  Gnelkiradjè plus point d'eau+Cantine scolaire,Autre,GNELKIRADJÉ,5000000,p,N,Accès à l'eau,Forage simple
2224,Construction d’un module de soins et direction en plus clôture au profit de la communauté,Autre,DJAKPINGOU,5000000,p,N,Santé,Centre de santé d'arrondissement (CSA) ou Centre de santé de commune (CSC)
2670,Constructiond'unmoduledetrois(03)sallesdeclassesbureau-magasinet mobiliers plus un bloc de latrines à quatre (04) cabines à l'EPP Ada kpanè,Autre,ADA-KPANÉ,5000000,p,N,Education,Bureau d'école primaire
2219,Construction d'un module de trois classes au profit de l’école maternelle,Autre,MORWATCHOHI,5000000,p,N,Education,Module de deux (2) salles de classe pour les écoles maternelles
342,Construction d’un module de trois salle de classes avec un bureau et magasin +mobilier et lampadaires,Autre,WONKO DERASSI,5000000,p,N,Education,Bureau d'école primaire
2344,Construction d'un module de trois salles de classe,Autre,CAMP-ADAGBÈ,5000000,p,N,Education,Module de trois (3) salles de classes + bureau et magasins pour les écoles primaires
2544,Construction d’un module de trois salles de classe,Autre,KOUMONTCHIRGOU,5000000,p,N,Education,Module de trois (3) salles de classes + bureau et magasins pour les écoles primaires
863,Construction d’un module de trois salles de classe plus bureau magasin,Autre,CHEIN-TASSO,5000000,p,N,Education,Bureau d'école primaire
619,Construction d'un module de trois salles de classe plus bureau magasin avec bloc de latrines à quatre cabines+mobiliers+panneaux solaires photovoltaïques à l'école primaire,Autre,TASSO,5000000,p,N,Education,Bureau d'école primaire
828,Construction d’un module de trois salles de classe plus bureau magasin avec un bloc de latrines à quatre cabines,Autre,WÉKÉTÈRÈ,5000000,p,N,Education,Bureau d'école primaire
2210,Construction d'un module de trois salles de classes au profit de L’EPP/GA de Founga,Autre,FOUNGA,5000000,p,N,Education,Module de trois (3) salles de classes + bureau et magasins pour les écoles primaires
126,Construction d’un module de trois salles de classes + bureau magasin à l’EPP de Igbèrè,Autre,IGBÈRÈ,5000000,p,N,Education,Bureau d'école primaire
598,Construction d'un module de trois salles de classes plus bureau magasin avec un bloc de latrines à quatre cabines,Autre,GANDO-ALAFIAROU,5000000,p,N,Education,Bureau d'école primaire
2008,Construction d'un ouvrage d'eau potable,Autre,GBÉNIKI,5000000,p,N,Accès à l'eau,Forage simple
2503,Construction d'un ouvrage de drainage d'eau de ruissellement,Autre,GUILMARO-SINAKPAGOUROU,5000000,p,N,Hygiène et assainissement (WASH),Blocs de latrines publiques modernes
2498,Construction d'un ouvrage de drainage d'eau de ruissellement (caniveaux),Autre,GUILMARO-BOUNKOSSOROU,5000000,p,N,Hygiène et assainissement (WASH),Blocs de latrines publiques modernes
1541,Construction d’un ouvrage de franchissement,Autre,GNAMPOLI,5000000,p,N,Transport rural (connectivité),Piste de desserte rurale
1547,Construction d’un ouvrage de franchissement,Autre,KAOBAGOU,5000000,p,N,Transport rural (connectivité),Piste de desserte rurale
2506,Construction d'un ouvrage de franchissement dans le village de SINAKPAGOUROU,Autre,GUILMARO-SINAKPAGOUROU,5000000,p,N,Transport rural (connectivité),Piste de desserte rurale
2536,Construction d’un parc de vaccination,Autre,KOUTAGOU,5000000,p,N,Production animale,Parc de vaccination
2546,Construction d’un parc de vaccination,Autre,KOUMONTCHIRGOU,5000000,p,N,Production animale,Parc de vaccination
2403,Construction d'un parc de vaccination et acquisition de produit vétérinaire au  profit de kompanti,Autre,KOMPANTI,5000000,p,N,Production animale,Parc de vaccination
2296,Construction d'un parc de vaccination pour les bœufs,Autre,BADÉKPAROU,5000000,p,N,Production animale,Parc de vaccination
2683,Construction d'un point d’eau agro-pastorale  multi - fonctionnel à Gabssi peulh,Autre,GBASSI,5000000,p,N,Production animale,Aménagement
243,Construction d’un pont,Autre,BAPARAPÉ,5000000,p,N,Transport rural (connectivité),Piste de desserte rurale
501,Construction du pont de Boussia et aménagement de la piste Gamia Boussia,Autre,GANRO,5000000,p,N,Transport rural (connectivité),Piste de desserte rurale
608,Construction du pont wokè de fodarou,Autre,GAN -GBÉROU,5000000,p,N,Transport rural (connectivité),Piste de desserte rurale
1491,"Construction et équipement de parcs de vaccination sur le site de sédentarisation des éleveurs sis à Nassou au profit des éleveurs de Nassou, Somparérou Gah, Bouérou, Sinaourarou Gah et environs",Autre,SOMPARÉROU-GAH,5000000,p,N,Production animale,Parc de vaccination
115,Construction et équipement du centre de santé de Assodè,Autre,ASSODÈ,5000000,p,N,Santé,Centre de santé d'arrondissement (CSA) ou Centre de santé de commune (CSC)
2443,Construction et équipement du centre de santé de Dôh,Autre,DÔH,5000000,p,N,Santé,Centre de santé d'arrondissement (CSA) ou Centre de santé de commune (CSC)
1653,Construction et équipement d'un bâtiment pour la maternité au centre de santé de Nata case,Autre,KOUDOGOU,5000000,p,N,Santé,Lits de maternité et d'hospitalisation
1998,"Construction et équipement d'un dispensaire plus latrines, salle d'hospitalisation, douches, lampadaires solaires",Autre,BOUYÉROU,5000000,p,N,Santé,Dispensaire isolé
2665,Construction et equipement d'une pharmacie,Autre,TOUKOUNTOUNA,5000000,p,N,Santé,Dispensaire isolé
1446,Construction et équipement d'une salle d'accouchement au profit du CS Piami,Autre,PIAMI,5000000,p,N,Santé,Lits de maternité et d'hospitalisation
1010,Construction et équipement d'une salle d'hospitalisation à monsey,Autre,MACHAYAN-MARCHÉ,5000000,p,N,Santé,Lits de maternité et d'hospitalisation
1013,Construction et equipement d'une salle d'hospitalisation au CS  monsey,Autre,MONSEY,5000000,p,N,Santé,Lits de maternité et d'hospitalisation
2446,Construction et équipement d'un module de 3 salles de classes + Bureau à l'EPP/Sayakrou,Autre,SAYAKROU,5000000,p,N,Education,Module de trois (3) salles de classes + bureau et magasins pour les écoles primaires
2435,"Construction et équipement d'un module de trois salles, toilettes et magasin de cuisine",Autre,SAMTIMBARA,5000000,p,N,Infrastructure marchande,Magasin de stockage
982,Construction et équipements de salle d'hospitalisation,Autre,BIRNI LAFIA,5000000,p,N,Santé,Lits de maternité et d'hospitalisation
984,Construction et équipements d'un centre de santé,Autre,TONDOOBON,5000000,p,N,Santé,Centre de santé d'arrondissement (CSA) ou Centre de santé de commune (CSC)
1399,Construction et équipements d'une maternité à l'hôpital de dodopanè,Autre,DODOPANIN,5000000,p,N,Santé,Lits de maternité et d'hospitalisation
946,Construction et équipements d'un module de deux salles de classe pour la maternelle,Autre,KINNOU-KPAROU,5000000,p,N,Education,Module de deux (2) salles de classe pour les écoles maternelles
32,Constructions de la route,Autre,YAKABISSI,5000000,p,N,Transport rural (connectivité),Piste de desserte rurale
2165,Construire cinq forages pour améliorer l’accès à l’eau potable à tous les ménages,Autre,TCHINGAYARÉ,5000000,p,N,Accès à l'eau,Forage simple
2150,Construire des forages (06),Autre,ATCHANKPA-KOLAH,5000000,p,N,Accès à l'eau,Forage simple
1165,Construire et équiper un dépôt pharmaceutique,Autre,SOROKO YOROUNON,5000000,p,N,Santé,Dispensaire isolé
1147,Construire et équiper un poste communautaire de santé,Autre,BANGOU,5000000,p,N,Santé,Centre de santé d'arrondissement (CSA) ou Centre de santé de commune (CSC)
2156,Construire les forage pour améliorer l’accès à l’eau potable à tous les ménages,Autre,KOUBLY,5000000,p,N,Accès à l'eau,Forage simple
2145,Construire les forages pour améliorer l’accès à l’eau potable à tous les ménages,Autre,AGBANDARÈ,5000000,p,N,Accès à l'eau,Forage simple
2198,"Construire les forages pour améliorer l'accès à l'eau potable à tous les ménages, aménagement des rues d'accès aux ménages, construction de magasin de stockage, électrification publique, construction de latrines publiques",Autre,BAPARAPÉÏ,5000000,p,N,Accès à l'eau,Forage simple
2166,Construire les latrines publiques pour lutter contre l’insalubrité due à la défécation à l’air libre,Autre,TCHINGAYARÉ,5000000,p,N,Hygiène et assainissement (WASH),Blocs de latrines publiques modernes
2146,Construire les latrines publiques pour lutter contre l’insalubrité due à la défécation à l’air libre,Autre,AGBANDARÈ,5000000,p,N,Hygiène et assainissement (WASH),Blocs de latrines publiques modernes
2163,Construire les latrines publiques pour lutter contre l’insalubrité due à la défécation à l’air libre,Autre,OURAMARÉ,5000000,p,N,Hygiène et assainissement (WASH),Blocs de latrines publiques modernes
2723,construire  les latrines publiques pour lutter contre l'insalubrité due à la  la défécation à l'aire libre,Autre,TCHITCHAKOU,5000000,p,N,Hygiène et assainissement (WASH),Blocs de latrines publiques modernes
1144,Construire un centre de santé communautaire,Autre,FIAFOUNFOUN,5000000,p,N,Santé,Centre de santé d'arrondissement (CSA) ou Centre de santé de commune (CSC)
1183,Construire un centre de santé communautaire,Autre,SOUDOU,5000000,p,N,Santé,Centre de santé d'arrondissement (CSA) ou Centre de santé de commune (CSC)
1152,Construire un collège d'enseignement secondaire,Autre,GOUN-GOUN,5000000,p,N,Education,Salles de classes pour les collèges et lycées
2152,Construire une maison des jeunes,Autre,ATCHANKPA-KOLAH,5000000,p,N,Sport et loisirs,Infrastructure
1151,Construire une salle d'hospitalisation au dispensaire de Goungoun,Autre,GOUN-GOUN,5000000,p,N,Santé,Dispensaire isolé
2093,Construire un module de salle de classe à l'école maternelle de assaradè,Autre,ASSARADÈ,5000000,p,N,Education,Module de deux (2) salles de classe pour les écoles maternelles
2027,Construire un ouvrage d'eau potable,Autre,SÈTRAH,5000000,p,N,Accès à l'eau,Forage simple
1138,Construire un poste communautaire de santé,Autre,MOKOLLÉ,5000000,p,N,Santé,Centre de santé d'arrondissement (CSA) ou Centre de santé de commune (CSC)
875,"Contribution à l'amélioration de l'accès aux voie à travers la réhabilitation des voies suivantes : la von du goudron CLCAM-Azia Yéyé, la von Azia Yéyé - ancienne banque NSIA ATC BEKO",Autre,BAKINKOURA,5000000,p,N,Transport rural (connectivité),Piste de desserte rurale
2315,"Contribution  à l’amélioration de l’accès aux voies à travers la réhabilitation  des vons suivantes : von Sokodouro-collecteur, von MAMA Fari – Hibiscus, von de BUBEDRA-buvette 226- marché dépôt et von de l’ancien Président Hubert MAGA",Autre,KPÉBIÉ DE PARAKOU1,5000000,p,N,Infrastructure marchande,Hangar de marché
1053,"Contruction du niveau d'équipements du centre de santé de Banitè,rabilitation du centre de santé et acquisition des équipements mobiliers",Autre,BANITÈ-KOUBÉRI,5000000,p,N,Santé,Lits de maternité et d'hospitalisation
2018,Couloir de passage des animaux et retenue d'eau,Autre,KOUBORO,5000000,p,N,Production animale,Aménagement
2022,Couloir de passage des animaux et retenue d'eau,Autre,TAMANDÉ,5000000,p,N,Production animale,Aménagement
225,Création des couloirs de passage au profit des animaux,Autre,BASSILA BAKABAKA,5000000,p,N,Production animale,Aménagement
763,Création d'un barrage de grande capacité à Waga,Autre,KALALÉ-PEULH,5000000,p,N,Production végétale,Aménagement
221,Création d'un dépotoir pour les déchets au profit du quartier de baka baka,Autre,BASSILA BAKABAKA,5000000,p,N,Hygiène et assainissement (WASH),Blocs de latrines publiques modernes
1995,Création d'une école à lawa,Autre,GNEL-BOUCATOU,5000000,p,N,Education,Module de trois (3) salles de classes + bureau et magasins pour les écoles primaires
758,Création d'une école primaire publique plus équiment,Autre,GOUDÉMA,5000000,p,N,Education,Module de trois (3) salles de classes + bureau et magasins pour les écoles primaires
1546,Création d’un espace de pâturage,Autre,KAOBAGOU,5000000,p,N,Production animale,Aménagement
2281,Création d'un terrain de foot,Autre,GAMIA-OUEST,5000000,p,N,Sport et loisirs,Terrain de football
2028,"Créer des couloirs de passage des animaux, création des aires de pâturages",Autre,SÈTRAH,5000000,p,N,Production animale,Aménagement
1172,Créer et construire un centre de santé communautaire,Autre,MÉKROU,5000000,p,N,Santé,Centre de santé d'arrondissement (CSA) ou Centre de santé de commune (CSC)
1177,Créer et construire une école primaire,Autre,SOROKO GAH,5000000,p,N,Education,Module de trois (3) salles de classes + bureau et magasins pour les écoles primaires
2531,Créer un couloir de passage des animaux,Autre,AGBONTÊ,5000000,p,N,Production animale,Aménagement
854,Curage et aménagement du barrage,Autre,MARO,5000000,p,N,Production végétale,Aménagement
2487,Decotiqueuse,Autre,KOUANTIÉNI,5000000,p,N,Transformation,Equipement
1775,DÉFICIT EN ÉLECTRICITÉ HORS RÉSEAU,Électrification rurale hors réseau,BECKET-PEULH,5000000,p,N,Énergie et éclairage,Électrification rurale hors réseau
1777,DÉFICITS D'EAU POUR ABREUVAGE DES ANIMAUX,Autre,BECKET-PEULH,5000000,p,N,Production animale,Alimentation
1552,Délimitation d'un couloir de passage des animaux,Autre,DIKOUMINI,5000000,p,N,Production animale,Aménagement
1565,Délimitation d'un couloir de passage pour les animaux,Autre,KPÉRINKPÉ,5000000,p,N,Production animale,Aménagement
1580,Délimitation d'un couloir de passage pour les animaux distant de 2km,Autre,DIPOLI,5000000,p,N,Production animale,Aménagement
1560,Délimitation d'un couloir de passage pour les animaux distant de 3km vers le togo,Autre,DIMANSOURI,5000000,p,N,Production animale,Aménagement
2726,Délimitation d'un couloir de passage sur le territoire de kamana,Autre,KAMANAN,5000000,p,N,Production animale,Aménagement
1521,"Délimitation et balisage des couloirs de passage des bœufs de: Pempenkou-Papatia-barrage Doh, Boukassarou-aire de pâturage de Bouérou",Autre,SAYAKROU – GAH,5000000,p,N,Production animale,Aménagement
2430,Délimitation et matérialisation d'un couloir de passage pour les animaux,Autre,BATAZI,5000000,p,N,Production animale,Aménagement
2432,Délimitation et matérialisation d'un couloir de passage pour les animaux,Autre,SAMTIMBARA,5000000,p,N,Production animale,Aménagement
2433,Délimitation et matérialisation d'une aire de vaccination,Autre,SAMTIMBARA,5000000,p,N,Production animale,Parc de vaccination
1497,Délimitation et sécurisation des couloirs de passage des animaux de: -rivière de Bouérou à kikissa- Fambérékou à la rivière de Bouérou,Autre,BOUÉROU,5000000,p,N,Production animale,Aménagement
2690,Délimitation et sécurisation des couloirs de passage des bœufs,Autre,GBÉROUGBASSI,5000000,p,N,Production animale,Aménagement
666,Délimitation et sécurisation du couloir de passage des bœufs plus cultures fourragère,Autre,BESSASSI-BÉA,5000000,p,N,Production animale,Aménagement
1492,Délimitation et sécurisation du couloir de passages des animaux dubarrage de somparerou Gah à Nan'kounninrou,Autre,SOMPARÉROU-GAH,5000000,p,N,Production animale,Aménagement
2423,Délimiter et matérialiser une aire de pâturage,Autre,GBESSARÈ,5000000,p,N,Production animale,Aménagement
2460,Des routes,Autre,DOGA DE GOUANDE,5000000,p,N,Transport rural (connectivité),Piste de desserte rurale
1510,Dotation de lampadaires dans les quartiers périphériques de Péhunco ll,Éclairage public solaire,PÉHUNCO II,5000000,p,N,Énergie et éclairage,Éclairage public solaire
2525,Dotation de mobiliers à l’EPP de kèwakè (60tables-bancs et 06tables de bureaux  des enseignants),Autre,OUKOUNSÉRIHOUN,5000000,p,N,Education,Table + bancs pour les écoles primaires
2277,Dotation d'une équipements pour la formalisation du lait en fromage,Autre,YARRA-PEULH,5000000,p,N,Production animale,Aménagement
2275,Dotation d'une équipements pour la transformation du lait en fromage,Autre,SÈKÈRÈ-PEULH,5000000,p,N,Production animale,Aménagement
2278,Dotation d'une machine de transformation des amandes en beurre,Autre,BÈRÈKÈ-GANDO,5000000,p,N,Transformation,Equipement
2282,Dotation d'une machine de transformation des amandes en beurre,Autre,TIMBOURÉ,5000000,p,N,Transformation,Equipement
2279,Dotation d'une machine de transformation du manioc en gari,Autre,BOUAY DE GAMIA,5000000,p,N,Transformation,Equipement
1932,Dotation et installation des lampadaires solaires,Éclairage public solaire,KOUGNANGOU,5000000,p,N,Énergie et éclairage,Éclairage public solaire
1494,éalisation de forages  Nan'kininrou et Ganrou,Autre,SOMPARÉROU-GAH,5000000,p,N,Accès à l'eau,Forage simple
2490,eau,Autre,MATALÈ,5000000,p,N,Accès à l'eau,Forage simple
2654,Eau,Autre,COTIAKOU,5000000,p,N,Accès à l'eau,Forage simple
2461,Eau,Autre,DOGA DE GOUANDE,5000000,p,N,Accès à l'eau,Forage simple
2467,Eau,Autre,DOGA DE GOUANDE,5000000,p,N,Accès à l'eau,Forage simple
2456,Eau,Autre,DOGA DE GOUANDE,5000000,p,N,Accès à l'eau,Forage simple
2493,Eau,Autre,NAGNANDÉ,5000000,p,N,Accès à l'eau,Forage simple
2494,Eau,Autre,KOUFORPISSIGA,5000000,p,N,Accès à l'eau,Forage simple
2495,Eau,Autre,SINDORI-TONI,5000000,p,N,Accès à l'eau,Forage simple
2496,Eau,Autre,TIARI,5000000,p,N,Accès à l'eau,Forage simple
2492,"Eau ,couloir  et magasin",Autre,KADIÉNI,5000000,p,N,Accès à l'eau,Forage simple
2339,Eau potable à l'EPP sawararou,Autre,SAWARAROU,5000000,p,N,Accès à l'eau,Forage simple
2541,"Éclairage des lieux publics : CEG Tapouota, EPP Koutagou...à base des lampadaires photovoltaïques",Autre,DITCHENDIA,5000000,p,N,Education,Salles de classes pour les collèges et lycées
2554,"Éclairage des lieux publics (EPP koudahongou, place rassemblement communautaire marché de nuit...) à base des lampadaires solaires photovoltaïques",Autre,KOUDAHONGOU,5000000,p,N,Education,Module de trois (3) salles de classes + bureau et magasins pour les écoles primaires
2535,Éclairage des lieux publics par installation de lampadaire solaire,Éclairage public solaire,KOUTAGOU,5000000,p,N,Énergie et éclairage,Éclairage public solaire
1599,Éclairage des lieux publics par installation de lampadaire solaires,Éclairage public solaire,KOUKOUATCHIENGOU,5000000,p,N,Énergie et éclairage,Éclairage public solaire
2560,Éclairage des lieux publics par installation des lampadaires solaires,Éclairage public solaire,KOUMAGOU,5000000,p,N,Énergie et éclairage,Éclairage public solaire
2079,Éclairage du village en énergie photovoltaïque,Électrification rurale hors réseau,WAKITÈ,5000000,p,N,Énergie et éclairage,Électrification rurale hors réseau
2074,Éclairage en photovoltaïque,Électrification rurale hors réseau,SONATÉ,5000000,p,N,Énergie et éclairage,Électrification rurale hors réseau
2289,Éclairage public à travers l'acquisition et l'implantation de 14 lampadaires solaires,Éclairage public solaire,SANDILO,5000000,p,N,Énergie et éclairage,Éclairage public solaire
2645,Éclairage publique par l’installation des lampadsolaires,Éclairage public solaire,TIGNINTI,5000000,p,N,Énergie et éclairage,Éclairage public solaire
2023,Éclairage publique solaire,Éclairage public solaire,TAMANDÉ,5000000,p,N,Énergie et éclairage,Éclairage public solaire
2016,Éclairage solaire,Éclairage public solaire,BIRNI-KANKOULKA,5000000,p,N,Énergie et éclairage,Éclairage public solaire
2035,Éclairage solaire,Éclairage public solaire,ANANDANA,5000000,p,N,Énergie et éclairage,Éclairage public solaire
258,Éclairage solaire au profit de la communauté peulhs des différents hameaux de dengou,Éclairage public solaire,DINGOU,5000000,p,N,Énergie et éclairage,Éclairage public solaire
256,Éclairage solaire dans les camps peulhs de bayakou,Éclairage public solaire,BAYAKOU,5000000,p,N,Énergie et éclairage,Éclairage public solaire
26,Éclairage solaire dans les places publiques,Éclairage public solaire,TASSIGOUROU,5000000,p,N,Énergie et éclairage,Éclairage public solaire
2348,École,Autre,DAMAGOUROU,5000000,p,N,Education,Module de trois (3) salles de classes + bureau et magasins pour les écoles primaires
270,École et mobilier,Autre,DABOGOU,5000000,p,N,Education,Module de trois (3) salles de classes + bureau et magasins pour les écoles primaires
2666,Ecole marternelle,Autre,TOUKOUNTOUNA,5000000,p,N,Education,Module de trois (3) salles de classes + bureau et magasins pour les écoles primaires
2006,École maternelle,Autre,GANTIÉCO,5000000,p,N,Education,Module de deux (2) salles de classe pour les écoles maternelles
2468,Électricité,Éclairage public solaire,DOGA DE GOUANDE,5000000,p,N,Énergie et éclairage,Éclairage public solaire
916,Électricité,Éclairage public solaire,WOROU-TOKOROU,5000000,p,N,Énergie et éclairage,Éclairage public solaire
2457,Électricité,Éclairage public solaire,DOGA DE GOUANDE,5000000,p,N,Énergie et éclairage,Éclairage public solaire
2462,Électricité,Éclairage public solaire,DOGA DE GOUANDE,5000000,p,N,Énergie et éclairage,Éclairage public solaire
2476,Électricité,Éclairage public solaire,GOUANDÉ,5000000,p,N,Énergie et éclairage,Éclairage public solaire
106,Électrification,Éclairage public solaire,ADJÊDÈ,5000000,p,N,Énergie et éclairage,Éclairage public solaire
2334,Électrification,Éclairage public solaire,GOUNIN DE PARAKOU1,5000000,p,N,Énergie et éclairage,Éclairage public solaire
947,Électrification de 30 lampadaire solaires des hameaux de Gbékpanin koukouri et Dabo kperou,Éclairage public solaire,KINNOU-KPAROU,5000000,p,N,Énergie et éclairage,Éclairage public solaire
1585,Électrification de la place publique,Éclairage public solaire,NATIÉNI,5000000,p,N,Énergie et éclairage,Éclairage public solaire
1687,Électrification de la voie principale de panneaux solaires photovoltaïques,Électrification rurale hors réseau,OULI,5000000,p,N,Énergie et éclairage,Électrification rurale hors réseau
1693,Électrification de la voie principale du village,Éclairage public solaire,KOUKPINTIEGOU,5000000,p,N,Énergie et éclairage,Éclairage public solaire
1683,Électrification de la voie principale du village des panneaux solaires photovoltaïques,Électrification rurale hors réseau,NIORO- KOLINA,5000000,p,N,Énergie et éclairage,Électrification rurale hors réseau
1671,Électrification de l’école primaire publique de Taba de panneaux solaire photovoltaïque,Autre,TABA,5000000,p,N,Education,Module de trois (3) salles de classes + bureau et magasins pour les écoles primaires
492,Électrification des hameaux du village de Gamia Est,Éclairage public solaire,GAMIA-EST,5000000,p,N,Énergie et éclairage,Éclairage public solaire
1936,Électrification des pistes,Autre,KOUSSOUCOINGOU,5000000,p,N,Transport rural (connectivité),Piste de desserte rurale
1543,Électrification des vons,Éclairage public solaire,GNAMPOLI,5000000,p,N,Énergie et éclairage,Éclairage public solaire
2576,Électrification du marché,Autre,IKOUNGA,5000000,p,N,Infrastructure marchande,Hangar de marché
114,Électrification du village,Éclairage public solaire,MANKPASSI,5000000,p,N,Énergie et éclairage,Éclairage public solaire
1856,Électrification du village,Éclairage public solaire,N’ TCHIÉGA,5000000,p,N,Énergie et éclairage,Éclairage public solaire
154,Électrification du village,Éclairage public solaire,ASSION,5000000,p,N,Énergie et éclairage,Éclairage public solaire
500,Électrification du village,Éclairage public solaire,GANRO,5000000,p,N,Énergie et éclairage,Éclairage public solaire
485,Électrification du village,Éclairage public solaire,BOURI,5000000,p,N,Énergie et éclairage,Éclairage public solaire
482,Électrification du village,Éclairage public solaire,BAOURA,5000000,p,N,Énergie et éclairage,Éclairage public solaire
2213,Électrification du village à l’aide des lampadaires solaires,Éclairage public solaire,FOUNGA,5000000,p,N,Énergie et éclairage,Éclairage public solaire
80,Électrification du village Alitokoum à base de lampadaire solaire,Éclairage public solaire,ALITOKOUM,5000000,p,N,Énergie et éclairage,Éclairage public solaire
62,Électrification du village à travers les lampadaire solaire,Éclairage public solaire,LANDA,5000000,p,N,Énergie et éclairage,Éclairage public solaire
2094,Électrification du village à travers l'installation des lampadaires solaire,Éclairage public solaire,ASSARADÈ,5000000,p,N,Énergie et éclairage,Éclairage public solaire
2701,Electrification du village à travers l'installation des l'ampadaires solaire dans le village,Éclairage public solaire,GOUFANROU,5000000,p,N,Énergie et éclairage,Éclairage public solaire
2118,Électrification du village à travers l’installation des lampadaires solaires,Éclairage public solaire,KPÉLITÉ,5000000,p,N,Énergie et éclairage,Éclairage public solaire
2113,Électrification du village à travers l’installation des lampadaires solaires,Éclairage public solaire,KOUKOULOUNDA,5000000,p,N,Énergie et éclairage,Éclairage public solaire
2123,Électrification du village à travers l’installation des lampadaires solaires,Éclairage public solaire,KPÉLOUDÈ,5000000,p,N,Énergie et éclairage,Éclairage public solaire
1474,Électrification du village avec les lampadaires solaires,Éclairage public solaire,GANDOLOUKASSA,5000000,p,N,Énergie et éclairage,Éclairage public solaire
939,Électrification du village de Boukoussera en 12 lampadaire solaires,Éclairage public solaire,BOUKOUSSÉRA,5000000,p,N,Énergie et éclairage,Éclairage public solaire
2511,Électrification du village de kèdékou,Éclairage public solaire,KÈDÉKOU,5000000,p,N,Énergie et éclairage,Éclairage public solaire
450,Électrification du village en énergie renouvelable,Éclairage public solaire,DANGOROU,5000000,p,N,Énergie et éclairage,Éclairage public solaire
962,Électrification du village en lampadaire,Éclairage public solaire,TAMAROU,5000000,p,N,Énergie et éclairage,Éclairage public solaire
1100,Électrification du village en lampadaires solaires,Éclairage public solaire,ISSÉNÉ,5000000,p,N,Énergie et éclairage,Éclairage public solaire
1091,Électrification du village en panneaux solaires,Électrification rurale hors réseau,TONDI-BANDA,5000000,p,N,Énergie et éclairage,Électrification rurale hors réseau
2501,Électrification du village (extension de la basse tension),Éclairage public solaire,GUILMARO-BOUNKOSSOROU,5000000,p,N,Énergie et éclairage,Éclairage public solaire
466,Électrification du village par les lampadaires photovoltaïques,Électrification rurale hors réseau,KPARO,5000000,p,N,Énergie et éclairage,Électrification rurale hors réseau
95,Électrification en énergie photopholtaique,Éclairage public solaire,AKOUSSITÈ,5000000,p,N,Énergie et éclairage,Éclairage public solaire
1860,Électrification hors réseau,Électrification rurale hors réseau,GNANGOU,5000000,p,N,Énergie et éclairage,Électrification rurale hors réseau
1712,Électrification hors réseau,Électrification rurale hors réseau,SAKASSON-DITAMARI,5000000,p,N,Énergie et éclairage,Électrification rurale hors réseau
2632,Électrification hors réseau du village,Électrification rurale hors réseau,NODI,5000000,p,N,Énergie et éclairage,Électrification rurale hors réseau
1638,Électrification par l'énergie solaire photovoltaïque sur le lieu public du village,Électrification rurale hors réseau,KOUYA,5000000,p,N,Énergie et éclairage,Électrification rurale hors réseau
1408,Électrification public du quartier,Éclairage public solaire,LIMAFRANI,5000000,p,N,Énergie et éclairage,Éclairage public solaire
2429,Électrification public du village,Éclairage public solaire,BATAZI,5000000,p,N,Énergie et éclairage,Éclairage public solaire
1432,Électrification public du village avec les lampadaire solaire,Éclairage public solaire,ZONZI,5000000,p,N,Énergie et éclairage,Éclairage public solaire
1422,Électrification public du villages,Éclairage public solaire,BOUMOUSSOU,5000000,p,N,Énergie et éclairage,Éclairage public solaire
2147,Électrification Publique,Éclairage public solaire,AGBANDARÈ,5000000,p,N,Énergie et éclairage,Éclairage public solaire
1438,Electrification Publique du village à travers les lampadaires solaires,Éclairage public solaire,FONDO,5000000,p,N,Énergie et éclairage,Éclairage public solaire
1458,Electrification publique du village avec lampadaires solaires,Éclairage public solaire,NIAMBARA,5000000,p,N,Énergie et éclairage,Éclairage public solaire
1454,Electrification publique du village avec lampadaires solaires,Éclairage public solaire,LOUGOU,5000000,p,N,Énergie et éclairage,Éclairage public solaire
1447,Electrification publique du village avec les lampadaires solaires,Éclairage public solaire,PIAMI,5000000,p,N,Énergie et éclairage,Éclairage public solaire
1442,Electrification publique du village avec paneaux solaires,Éclairage public solaire,KOROWI,5000000,p,N,Énergie et éclairage,Éclairage public solaire
2728,Électrification publique du village avec panneaux solaires,Électrification rurale hors réseau,KAMANAN,5000000,p,N,Énergie et éclairage,Électrification rurale hors réseau
1404,Électrification publiques du village avec les lampadaires solaire,Éclairage public solaire,KPASSANA,5000000,p,N,Énergie et éclairage,Éclairage public solaire
1419,Électrification publiques du village avec les lampadaires solaire,Éclairage public solaire,MAFOUTA-WAASSARÈ,5000000,p,N,Énergie et éclairage,Éclairage public solaire
1412,Électrification publiques du village avec les lampadaires solaire,Éclairage public solaire,GUÉNÉ KOUZI,5000000,p,N,Énergie et éclairage,Éclairage public solaire
2058,Electrification rurale à base des lampadaire solaire,Éclairage public solaire,KADOLASSI,5000000,p,N,Énergie et éclairage,Éclairage public solaire
1849,Électrification rurale hors réseau,Électrification rurale hors réseau,N’DAHONTA,5000000,p,N,Énergie et éclairage,Électrification rurale hors réseau
1836,Électrification rurale hors réseau,Électrification rurale hors réseau,NATAGATA,5000000,p,N,Énergie et éclairage,Électrification rurale hors réseau
1846,Électrification rurale hors réseau,Électrification rurale hors réseau,SONTA,5000000,p,N,Énergie et éclairage,Électrification rurale hors réseau
1830,Électrification rural hors réseau,Électrification rurale hors réseau,KOUGNIERI,5000000,p,N,Énergie et éclairage,Électrification rurale hors réseau
2012,Electrification  solaire,Éclairage public solaire,GBÉNIKI,5000000,p,N,Énergie et éclairage,Éclairage public solaire
2650,Électrification solaire,Éclairage public solaire,MOUPÉMOU,5000000,p,N,Énergie et éclairage,Éclairage public solaire
1872,Électrification solaire,Éclairage public solaire,ZANNIOURI,5000000,p,N,Énergie et éclairage,Éclairage public solaire
1879,Électrification solaire,Éclairage public solaire,KOUANDATA,5000000,p,N,Énergie et éclairage,Éclairage public solaire
1900,Électrification solaire,Éclairage public solaire,KOUTIÉ TCHATIDO,5000000,p,N,Énergie et éclairage,Éclairage public solaire
1701,Electrification solaire à l'EPP Koutchamagou,Autre,KOUTCHA-KOUMAGOU,5000000,p,N,Education,Module de trois (3) salles de classes + bureau et magasins pour les écoles primaires
1527,Électrification solaire du village,Éclairage public solaire,DAMOUTI,5000000,p,N,Énergie et éclairage,Éclairage public solaire
2053,Electrofier le village à base de lampadaire solaire,Éclairage public solaire,PAMOU,5000000,p,N,Énergie et éclairage,Éclairage public solaire
817,Ensablement du barrage et construction d'un pont,Autre,OUROUMONSI- PEULH,5000000,p,N,Transport rural (connectivité),Piste de desserte rurale
1745,Équipements de transformation des déchets solides en compost,Autre,ZONGO DE KOUANDE,5000000,p,N,Hygiène et assainissement (WASH),Blocs de latrines publiques modernes
2624,Équipements de transformation de soja en fromage,Autre,BOROUKOU-PEULH,5000000,p,N,Transformation,Equipement
39,Équipements du centre de santé de Anandana,Autre,FOUNGOU,5000000,p,N,Santé,Centre de santé d'arrondissement (CSA) ou Centre de santé de commune (CSC)
43,Équipements du centre de santé de Anandana,Autre,KOUTCHANTI,5000000,p,N,Santé,Centre de santé d'arrondissement (CSA) ou Centre de santé de commune (CSC)
288,Équipements du laboratoire,Autre,PÉNESSOULOU,5000000,p,N,Education,Module de trois (3) salles de classes + bureau et magasins pour les écoles primaires
1169,Équipements sanitaires et construction de cuisine à la maternité,Autre,GBÉNIKI DE SOROKO,5000000,p,N,Santé,Lits de maternité et d'hospitalisation
1321,Équiper le centre de santé d'arrondissement de Tomboutou,Autre,BANILOUA,5000000,p,N,Santé,Centre de santé d'arrondissement (CSA) ou Centre de santé de commune (CSC)
1326,Équiper le centre de santé d'arrondissement de Tomboutou,Autre,DÈGUÈ-DÈGUÉ,5000000,p,N,Santé,Centre de santé d'arrondissement (CSA) ou Centre de santé de commune (CSC)
1336,Équiper le centre de santé d'arrondissement de Tomboutou,Autre,TOUMBOUTOU KOUBOUA,5000000,p,N,Santé,Centre de santé d'arrondissement (CSA) ou Centre de santé de commune (CSC)
2052,Equiper le centre de santé de Badjoudè en équipement adéquats,Autre,PAMOU,5000000,p,N,Santé,Centre de santé d'arrondissement (CSA) ou Centre de santé de commune (CSC)
2030,Équiper le centre de santé de Sètrah,Autre,SÈTRAH,5000000,p,N,Santé,Centre de santé d'arrondissement (CSA) ou Centre de santé de commune (CSC)
1130,Équiper le centre de santé en mobilier et en infrastructures sanitaires,Autre,GAMA,5000000,p,N,Santé,Centre de santé d'arrondissement (CSA) ou Centre de santé de commune (CSC)
640,Étude et aménagement de l'axe BOA et KORODJI sur le marigot BOA GOOROU,Autre,BOA,5000000,p,N,Transport rural (connectivité),Piste de desserte rurale
1985,Étude et construction d'un barrage agro-pastorale,Autre,BOUCA,5000000,p,N,Production animale,Aménagement
2671,Etudesetconstructiond'unbarrageagro-pastoral,Autre,ADA-KPANÉ,5000000,p,N,Production animale,Aménagement
2678,Etudesetréalisationd’unouvragedefranchissementsurlemarigotSorinaetaménagementsommairedela piste en Bouca worou et Gnel Ada,Autre,BOUCA-WOOROU,5000000,p,N,Transport rural (connectivité),Piste de desserte rurale
370,Étude technique et réalisation d'une retenue d'eau,Autre,KAKATINNIN,5000000,p,N,Production végétale,Aménagement
340,Étude technique et réhabilitation de la retenue d'eau,Autre,MAREGUINTA,5000000,p,N,Production végétale,Aménagement
337,Étude technique et réhabilitation de la retenue d'eau,Autre,GUIRI-PEULH,5000000,p,N,Production végétale,Aménagement
324,Étude technique et réhabilitation d'un e retenue d'eau,Autre,DÉRASSI,5000000,p,N,Production végétale,Aménagement
330,Étude technique et réhabilitation d'une retenue d'eau,Autre,GANNOURÈ-HÈRÈ,5000000,p,N,Production végétale,Aménagement
2620,Extension centre de santé,Autre,NASSOUKOU,5000000,p,N,Santé,Centre de santé d'arrondissement (CSA) ou Centre de santé de commune (CSC)
2063,Extension de l'électricité dans le village,Éclairage public solaire,BIRNI MARO,5000000,p,N,Énergie et éclairage,Éclairage public solaire
1885,Extension de l'énergie solaire,Éclairage public solaire,KOUNADORGOU,5000000,p,N,Énergie et éclairage,Éclairage public solaire
2693,Extension des infrastructures hospitalier,Autre,BIRNI-KPÉBIROU,5000000,p,N,Santé,Centre de santé d'arrondissement (CSA) ou Centre de santé de commune (CSC)
2694,Extension des infrastructures routière,Autre,BIRNI-KPÉBIROU,5000000,p,N,Transport rural (connectivité),Piste de desserte rurale
165,Extension du dispensaire à travers la construction d’une salle d’hospitalisation,Autre,KAOUTÉ,5000000,p,N,Santé,Dispensaire isolé
1483,Extension du réseau électrique du village,Autre,GNÉMASSON,5000000,p,N,Accès à l'eau,Forage simple
896,Extension électrique,Éclairage public solaire,GOUROU DE NIKKI,5000000,p,N,Énergie et éclairage,Éclairage public solaire
907,Extension électrique,Éclairage public solaire,TOTOROU,5000000,p,N,Énergie et éclairage,Éclairage public solaire
245,Extensions des points d’eau,Autre,BAPARAPÉ,5000000,p,N,Autre,Autre
1804,FFORAGE D’EAU POTABLE,Autre,BOROYINDÉ,5000000,p,N,Accès à l'eau,Forage simple
2086,Forage agropastoral,Autre,TCHALADÈ,5000000,p,N,Accès à l'eau,Forage simple
1571,Forage d'un point d'eau,Autre,OTANONGOU,5000000,p,N,Accès à l'eau,Forage simple
2527,Forage d'un point d'eau potable,Autre,AGBONTÊ,5000000,p,N,Accès à l'eau,Forage simple
2660,Forage équipe d'un château d'eau  et de bornes fontaines,Autre,MANOUGOU,5000000,p,N,Accès à l'eau,Forage simple
2635,Forage et abreuvoir,Autre,YÉDÉKAHOUN,5000000,p,N,Accès à l'eau,Forage + abreuvoir
2614,Formation,Autre,SINAOU,5000000,p,N,Education,Infrastructure d'alphabétisation
2276,Formation sur l'élevage des petites ruminant,Autre,SÈKÈRÈ-GANDO,5000000,p,N,Production animale,Aménagement
2615,Fourniture de lampadaires solaires,Éclairage public solaire,BORO DE GUIMARO,5000000,p,N,Énergie et éclairage,Éclairage public solaire
1672,Fourniture de pépinières d’herbe au profit des bœufs des éleveurs du village,Autre,TABA,5000000,p,N,Production animale,Aménagement
1509,Fourniture d'équipements à l'hôpital de Péhunco,Autre,PÉHUNCO II,5000000,p,N,Santé,Centre de santé d'arrondissement (CSA) ou Centre de santé de commune (CSC)
2548,Fourniture des panneaux solaires photovoltaïque aux lieux publique de Koukotougou,Électrification rurale hors réseau,KOTOTOUGOU,5000000,p,N,Énergie et éclairage,Électrification rurale hors réseau
1673,Fourniture des produits de traitement des bœufs au profit du groupement des éleveurs appelé UCOPER,Autre,TABA,5000000,p,N,Production animale,Aménagement
1501,Fourniture de tables et bancs au profit de l'EPP Gbéba et construction d'une cantine,Autre,GBÉBA DE PEHUNCO,5000000,p,N,Education,Complexe pour les cantines scolaires
656,Fourniture et pose de quinze lampadaires solaires photovoltaïques à KORODJI et environs,Électrification rurale hors réseau,KORODJI,5000000,p,N,Énergie et éclairage,Électrification rurale hors réseau
650,Fourniture et pose de soixante dix lampadaires solaires photovoltaïques,Électrification rurale hors réseau,GNEL-DJOBO,5000000,p,N,Énergie et éclairage,Électrification rurale hors réseau
1514,Fournitures d'équipement à l'hôtel de Péhunco,Autre,SINAOURAROU,5000000,p,N,Autre,Autre
745,Fournitures et pose de 30 lampadaires solaires photovoltaïques,Électrification rurale hors réseau,GANDO-BAKA,5000000,p,N,Énergie et éclairage,Électrification rurale hors réseau
2048,Implantation des lampadaire solaire dans le village,Éclairage public solaire,ATCHANKOMOU,5000000,p,N,Énergie et éclairage,Éclairage public solaire
2698,Installation,Autre,GORGOBA,5000000,p,N,Autre,Autre
1139,Installation d'accès à la communication téléphonique,Autre,MOKOLLÉ,5000000,p,N,Autre,Autre
326,Installation de 100 panneaux solaires pour l'éclairage public,Électrification rurale hors réseau,DÉRASSI,5000000,p,N,Énergie et éclairage,Électrification rurale hors réseau
1359,Installation de 25 lampadaires solaires dans les points stratégiques de Kalé,Éclairage public solaire,KALÉ,5000000,p,N,Énergie et éclairage,Éclairage public solaire
1348,Installation de 25 lampadaires solaires dans les points stratégiques de Soukarou,Éclairage public solaire,SOUKAROU,5000000,p,N,Énergie et éclairage,Éclairage public solaire
361,Installation de 30 lampadaire solaire,Éclairage public solaire,NÉGANZI,5000000,p,N,Énergie et éclairage,Éclairage public solaire
1285,Installation de 30 lampadaires solaires pour l'éclairage public,Éclairage public solaire,MOLLA,5000000,p,N,Énergie et éclairage,Éclairage public solaire
1270,Installation de 30 lampadaires solaires pour l'éclairage public,Éclairage public solaire,SAKAWAN-TÉDJI,5000000,p,N,Énergie et éclairage,Éclairage public solaire
355,Installation de 50 panneaux scolaires,Autre,GOROGAWO,5000000,p,N,Education,Module de trois (3) salles de classes + bureau et magasins pour les écoles primaires
363,Installation de 50 panneaux solaires,Électrification rurale hors réseau,NÉGANZI-PEULH,5000000,p,N,Énergie et éclairage,Électrification rurale hors réseau
350,Installation de 50 panneaux solaires pour l'éclairage publics,Électrification rurale hors réseau,BASSO,5000000,p,N,Énergie et éclairage,Électrification rurale hors réseau
1369,installation de 6 lampadaires solaires photovoltaïques,Électrification rurale hors réseau,GANSOSSO-YIROUSSÉ,5000000,p,N,Énergie et éclairage,Électrification rurale hors réseau
1372,installation de 8 lampadaires solaires photovoltaïques,Électrification rurale hors réseau,GANDO-KOSSIKANA,5000000,p,N,Énergie et éclairage,Électrification rurale hors réseau
367,Installation de cent cinq panneaux solaires pour l'éclairage public,Électrification rurale hors réseau,KAKATINNIN,5000000,p,N,Énergie et éclairage,Électrification rurale hors réseau
623,Installation de centrale solaire Électrique,Éclairage public solaire,BOUGNANKOU,5000000,p,N,Énergie et éclairage,Éclairage public solaire
1669,Installation de forage et abreuvoir,Autre,TABA,5000000,p,N,Accès à l'eau,Forage + abreuvoir
1666,Installation de forage et abreuvoirs,Autre,WOLO,5000000,p,N,Accès à l'eau,Forage + abreuvoir
1651,Installation de kits solaire a l'EPP koutchagou,Autre,KOUDOGOU,5000000,p,N,Education,Module de trois (3) salles de classes + bureau et magasins pour les écoles primaires
627,Installation de lampadaire solaire,Éclairage public solaire,GBANDÉ,5000000,p,N,Énergie et éclairage,Éclairage public solaire
636,Installation de lampadaire solaire,Éclairage public solaire,SONON,5000000,p,N,Énergie et éclairage,Éclairage public solaire
2263,Installation de lampadaire solaire publique au profit de la communauté,Éclairage public solaire,SEHVESSI,5000000,p,N,Énergie et éclairage,Éclairage public solaire
2248,Installation de lampadaire solaire publique au profit de la communauté,Éclairage public solaire,BATOULOU MOUNLA,5000000,p,N,Énergie et éclairage,Éclairage public solaire
590,Installation de lampadaire solaires,Éclairage public solaire,SOMBIRIKPÉROU,5000000,p,N,Énergie et éclairage,Éclairage public solaire
440,Installation de lampadaires solaire public,Éclairage public solaire,SOUBO-GANDÉROU,5000000,p,N,Énergie et éclairage,Éclairage public solaire
675,Installation de lampadaires solaires,Éclairage public solaire,SÉBANA,5000000,p,N,Énergie et éclairage,Éclairage public solaire
578,Installation de lampadaires solaires,Éclairage public solaire,WOKPAROU,5000000,p,N,Énergie et éclairage,Éclairage public solaire
85,Installation de l'éclairage public à Akpadè par des lampadaires,Éclairage public solaire,AKPADÈ,5000000,p,N,Énergie et éclairage,Éclairage public solaire
1981,Installation de l’électricité ou panneaux électrique dans les hameaux et les vons obscure,Éclairage public solaire,DANRI,5000000,p,N,Énergie et éclairage,Éclairage public solaire
2274,Installation de panneaux solaires dans les hameaux de Wargou.,Électrification rurale hors réseau,WARGOU,5000000,p,N,Énergie et éclairage,Électrification rurale hors réseau
1080,Installation de panneaux solaires dans le village,Électrification rurale hors réseau,IGRIGOU,5000000,p,N,Énergie et éclairage,Électrification rurale hors réseau
1064,Installation de panneaux solaires dans le village,Électrification rurale hors réseau,IBOTO,5000000,p,N,Énergie et éclairage,Électrification rurale hors réseau
309,Installation de panneaux solaires et photovoltaïque,Électrification rurale hors réseau,ABINTAGA,5000000,p,N,Énergie et éclairage,Électrification rurale hors réseau
2733,Installation de poteau à paneau photovoltaiques,Éclairage public solaire,TORA,5000000,p,N,Énergie et éclairage,Éclairage public solaire
2661,Installation de réseau de connectivité,Autre,MANOUGOU,5000000,p,N,Transport rural (connectivité),Piste de desserte rurale
774,Installation des des panneaux solaires pour l'éclairage public,Électrification rurale hors réseau,KIDAROUKPÉROU,5000000,p,N,Énergie et éclairage,Électrification rurale hors réseau
2059,Installation des dispositifs de lavage des mains (DLM) au niveau des places publiques,Autre,KADOLASSI,5000000,p,N,Hygiène et assainissement (WASH),Hygiène des lieux publics
596,Installation des lampadaires photovoltaïque,Électrification rurale hors réseau,GANDO-ALAFIAROU,5000000,p,N,Énergie et éclairage,Électrification rurale hors réseau
561,Installation des lampadaires solaires,Éclairage public solaire,GAH-MARO,5000000,p,N,Énergie et éclairage,Éclairage public solaire
421,Installation des lampadaires solaires,Éclairage public solaire,GOROBANI DE DOUKASSA,5000000,p,N,Énergie et éclairage,Éclairage public solaire
2697,Installation des lampadaires solaires,Éclairage public solaire,GORGOBA,5000000,p,N,Énergie et éclairage,Éclairage public solaire
733,Installation des lampadaires solaires photovoltaïques au lieu public,Électrification rurale hors réseau,ANGARADÉBOU DE PÉONGA,5000000,p,N,Énergie et éclairage,Électrification rurale hors réseau
760,Installation des lampadaires solaires photovoltaïques dans les hameaux environnants et les places publiques,Électrification rurale hors réseau,GOUDÉMA,5000000,p,N,Énergie et éclairage,Électrification rurale hors réseau
755,"Installation des lampadaires solaires photovoltaïques pour l'éclairage public à Djèga 2, Gnel wahilgbè et Tchamon",Électrification rurale hors réseau,DJEGA-KALALÉ,5000000,p,N,Énergie et éclairage,Électrification rurale hors réseau
665,Installation des lampadaires solaires pour l’éclairage,Éclairage public solaire,BESSASSI-BÉA,5000000,p,N,Énergie et éclairage,Éclairage public solaire
678,Installation des lampadaires solaires pour l'éclairage public,Éclairage public solaire,ZAMBARA,5000000,p,N,Énergie et éclairage,Éclairage public solaire
661,Installation des lampadaires solaires pour l'éclairage public,Éclairage public solaire,BESSASSI,5000000,p,N,Énergie et éclairage,Éclairage public solaire
809,Installation des panneaux,Éclairage public solaire,OUÉNOU -NIKKI,5000000,p,N,Énergie et éclairage,Éclairage public solaire
986,Installation des panneaux solaires dans le village,Électrification rurale hors réseau,TONDOOBON,5000000,p,N,Énergie et éclairage,Électrification rurale hors réseau
505,Installation des panneaux solaires dans le village,Électrification rurale hors réseau,GNINSY,5000000,p,N,Énergie et éclairage,Électrification rurale hors réseau
788,Installation des panneaux solaires photovoltaïques,Électrification rurale hors réseau,ANGANKIROU,5000000,p,N,Énergie et éclairage,Électrification rurale hors réseau
1609,Installation des panneaux solaires photovoltaïques,Électrification rurale hors réseau,KOUTCHATIÉ,5000000,p,N,Énergie et éclairage,Électrification rurale hors réseau
783,Installation des panneaux solaires photovoltaïques,Électrification rurale hors réseau,TAKOU,5000000,p,N,Énergie et éclairage,Électrification rurale hors réseau
1613,Installation des panneaux solaires photovoltaïques,Électrification rurale hors réseau,KOUCONGOU,5000000,p,N,Énergie et éclairage,Électrification rurale hors réseau
803,Installation des panneaux solaires photovoltaïques,Électrification rurale hors réseau,TÉPA,5000000,p,N,Énergie et éclairage,Électrification rurale hors réseau
798,Installation des panneaux solaires photovoltaïques,Électrification rurale hors réseau,KALI,5000000,p,N,Énergie et éclairage,Électrification rurale hors réseau
516,Installation des panneaux solaires photovoltaïques dans la localité de Gninsy -peulh,Électrification rurale hors réseau,GNINSY-PEULH,5000000,p,N,Énergie et éclairage,Électrification rurale hors réseau
1707,Installation des panneaux solaires photovoltaïques sur les places publiques,Électrification rurale hors réseau,KOUTOUTOUGOU,5000000,p,N,Énergie et éclairage,Électrification rurale hors réseau
346,Installation de trente panneaux solaires pour l'éclairage publics,Électrification rurale hors réseau,BANÉZI,5000000,p,N,Énergie et éclairage,Électrification rurale hors réseau
643,Installation de trois cents (300) lampadaires solaires photovoltaïques à Boa gando et ces hameaux,Électrification rurale hors réseau,BOA-GANDO,5000000,p,N,Énergie et éclairage,Électrification rurale hors réseau
2529,Installation d'un système d'éclairage dans le village,Éclairage public solaire,AGBONTÊ,5000000,p,N,Énergie et éclairage,Éclairage public solaire
1555,Installation d'un système d'éclairage solaire à l’EPP,Éclairage public solaire,DIKOUMINI,5000000,p,N,Énergie et éclairage,Éclairage public solaire
2526,Installation d'un système d'éclairage solaire à l’EPP de kèwakè,Autre,OUKOUNSÉRIHOUN,5000000,p,N,Education,Module de trois (3) salles de classes + bureau et magasins pour les écoles primaires
290,Installation panneaux solaires,Électrification rurale hors réseau,PÉNESSOULOU,5000000,p,N,Énergie et éclairage,Électrification rurale hors réseau
1328,Installer 60 lampadaires solaires pour l'éclairage public,Éclairage public solaire,DÈGUÈ-DÈGUÉ,5000000,p,N,Énergie et éclairage,Éclairage public solaire
1170,Installer des lampes solaires d'éclairage public,Éclairage public solaire,GBÉNIKI DE SOROKO,5000000,p,N,Énergie et éclairage,Éclairage public solaire
1343,Installer les lampadaires solaires pour éclairage public,Éclairage public solaire,WANZAM-KOARA,5000000,p,N,Énergie et éclairage,Éclairage public solaire
1339,Installer les lampadaires solaires pour éclairage public,Éclairage public solaire,TOUMBOUTOU KOUBOUA,5000000,p,N,Énergie et éclairage,Éclairage public solaire
1323,Installer les lampadaires solaires pour éclairage public,Éclairage public solaire,BANILOUA,5000000,p,N,Énergie et éclairage,Éclairage public solaire
2054,Installer un forêt communautaire d’une superficie de 5 hectares,Autre,PAMOU,5000000,p,N,Production végétale,Aménagement
2646,Insuffisance d’eau potable,Autre,TIGNINTI,5000000,p,N,Accès à l'eau,Forage simple
1790,INSUFFISANCE D'ÉLECTRICITÉ HORS RÉSEAU,Électrification rurale hors réseau,MARO DE KOUANDE,5000000,p,N,Énergie et éclairage,Électrification rurale hors réseau
1795,INSUFFISANCE D'ÉLECTRICITÉ HORS RÉSEAU,Électrification rurale hors réseau,MARY,5000000,p,N,Énergie et éclairage,Électrification rurale hors réseau
1780,INSUFFISANCE EN ÉLECTRICITÉ HORS RÉSEAU,Électrification rurale hors réseau,KPESSININ,5000000,p,N,Énergie et éclairage,Électrification rurale hors réseau
1784,INSUFFISANCE EN ÉLECTRICITÉ HORS RÉSEAU,Électrification rurale hors réseau,MAKROU-GOUROU,5000000,p,N,Énergie et éclairage,Électrification rurale hors réseau
1765,INSUFFISANCE ZN ÉLECTRICITÉ HORS RÉSEAU,Électrification rurale hors réseau,BASSILOU,5000000,p,N,Énergie et éclairage,Électrification rurale hors réseau
35,L'accès à l'eau,Autre,FOUNGOU,5000000,p,N,Accès à l'eau,Forage simple
2358,Lampadaire solaire,Éclairage public solaire,SINAGOUROU,5000000,p,N,Énergie et éclairage,Éclairage public solaire
2350,Lampadaire solaire,Éclairage public solaire,DAMAGOUROU,5000000,p,N,Énergie et éclairage,Éclairage public solaire
2353,Lampadaire solaire,Éclairage public solaire,BAKPÉROU,5000000,p,N,Énergie et éclairage,Éclairage public solaire
2368,Lampadaire solaire,Éclairage public solaire,TITIROU,5000000,p,N,Énergie et éclairage,Éclairage public solaire
2365,Lampadaire solaire,Éclairage public solaire,BÈYAROU,5000000,p,N,Énergie et éclairage,Éclairage public solaire
2343,Lampadaire solaire,Éclairage public solaire,CAMP-ADAGBÈ,5000000,p,N,Énergie et éclairage,Éclairage public solaire
1333,Lampadaire solaire au niveau du village,Éclairage public solaire,TOUMBOUTOU SANTCHÉ,5000000,p,N,Énergie et éclairage,Éclairage public solaire
2032,L'eau,Autre,ANANDANA,5000000,p,N,Accès à l'eau,Forage simple
40,L'eau,Autre,KOUTCHANTI,5000000,p,N,Accès à l'eau,Forage simple
45,L'eau,Autre,KOUBÉNÉBÉNÉ,5000000,p,N,Accès à l'eau,Forage simple
2491,L'eau,Autre,NAMATIÉNOU,5000000,p,N,Accès à l'eau,Forage simple
2003,L'eau,Autre,GANTIÉCO,5000000,p,N,Accès à l'eau,Forage simple
1826,L'eau potable,Autre,NIAROSSON,5000000,p,N,Accès à l'eau,Forage simple
30,Le couloir de passage,Autre,YAKABISSI,5000000,p,N,Production animale,Aménagement
1865,lectrification hors réseau,Autre,TAPOGA,5000000,p,N,Autre,Autre
811,L' électricité dans le village,Éclairage public solaire,OUÉNOU -NIKKI,5000000,p,N,Énergie et éclairage,Éclairage public solaire
816,L'électrification du village,Éclairage public solaire,OUROUMON,5000000,p,N,Énergie et éclairage,Éclairage public solaire
2686,libération et sécurisation des couloirs de passage,Autre,GBASSI,5000000,p,N,Production animale,Aménagement
2674,libérationetsécurisationdescouloirsdepassagedesboeufs,Autre,BESSASSI-BOUCA,5000000,p,N,Production animale,Aménagement
175,Lotissement du village,Autre,NIBADARA,5000000,p,N,Autre,Autre
1813,MAGASIN DE STOCKAGE DES PRODUITS AGRICOLE,Autre,KABARÉ,5000000,p,N,Infrastructure marchande,Magasin de stockage
2481,Magasins,Autre,KANDEGUEHOUN,5000000,p,N,Infrastructure marchande,Magasin de stockage
1814,MANQUE D'EAUX POTABLE,Autre,DÈKÈROU,5000000,p,N,Autre,Autre
1786,MANQUE DE BOUCHERIE,Autre,MAKROU-GOUROU,5000000,p,N,Infrastructure marchande,Marché de bétail
1733,Manque de panneaux solaires,Électrification rurale hors réseau,SÉKOGOUROU,5000000,p,N,Énergie et éclairage,Électrification rurale hors réseau
1730,Manque de panneaux solaires,Électrification rurale hors réseau,SAKABOU,5000000,p,N,Énergie et éclairage,Électrification rurale hors réseau
1723,Manque de panneaux solaires,Électrification rurale hors réseau,SINAKPAWOROU,5000000,p,N,Énergie et éclairage,Électrification rurale hors réseau
1739,Manque de panneaux solaires,Électrification rurale hors réseau,SOWA,5000000,p,N,Énergie et éclairage,Électrification rurale hors réseau
1801,MANQUE D'UNE UNITE VILLAGEOISE DE SANTE,Autre,TOKORO,5000000,p,N,Autre,Autre
1800,MANQUE EN ÉNERGIE HORS RÉSEAU,Autre,TOKORO,5000000,p,N,Autre,Autre
2463,Marché,Autre,DOGA DE GOUANDE,5000000,p,N,Infrastructure marchande,Hangar de marché
2466,Marché,Autre,DOGA DE GOUANDE,5000000,p,N,Infrastructure marchande,Hangar de marché
2458,Marché,Autre,DOGA DE GOUANDE,5000000,p,N,Infrastructure marchande,Hangar de marché
2474,Marché,Autre,GOUANDÉ,5000000,p,N,Infrastructure marchande,Hangar de marché
864,Matérialisation de couloirs de passage,Autre,CHEIN-TASSO,5000000,p,N,Production animale,Aménagement
936,Matérialisation et création d'un couloir de passage vers les zones de pâturages allant de Tchatchou -Boukoussera à Toukpérou Gah sur une distance de 7km,Autre,BOUKOUSSÉRA,5000000,p,N,Production animale,Aménagement
616,Matérialisation sécurisation du couloir de passage et d'une aire de pâturage,Autre,KPÉBOURABOU,5000000,p,N,Production animale,Aménagement
611,Matérialisation sécurisation du couloir de passage et d'une aire de pâturage,Autre,GBABIRÉ,5000000,p,N,Production animale,Aménagement
2608,Matériaux de transformation,Autre,GAMBINOU,5000000,p,N,Transformation,Equipement
2613,Matériaux de transformation,Autre,SINAOU,5000000,p,N,Transformation,Equipement
2489,Matériels de  danse detra,Autre,TOUBOUGNINI,5000000,p,N,Autre,Autre
1307,Mise à disposition d'un agent de santé au niveau de l'hôpital créé à kotchi,Autre,KOTCHI,5000000,p,N,Santé,Centre de santé d'arrondissement (CSA) ou Centre de santé de commune (CSC)
964,Mise en place de barrage,Autre,TAMAROU,5000000,p,N,Production végétale,Aménagement
168,Mise en place d’une centrale électrique solaire,Éclairage public solaire,KAOUTÉ,5000000,p,N,Énergie et éclairage,Éclairage public solaire
2703,Mise en place d'un module de maternité dans l'anciente de l'Hôtipale,Autre,GOUFANROU,5000000,p,N,Santé,Lits de maternité et d'hospitalisation
801,Organisation des séances de sensibilisation des éleveurs agriculteurs sur l'importance des couloirs de passage,Autre,KALI,5000000,p,N,Production animale,Aménagement
566,Organisation des séances de sensibilisation des éleveurs et agriculteurs dans les villages riverains,Autre,GUINAGOUROU,5000000,p,N,Production animale,Aménagement
569,"Organisation des séances de sensibilisation des éleveurs et agriculteurs dans les villages riverains (Kabadou, Guinagourou peulh, Nassy Gando) sur le respect des couloirs de passage des bêtes et l'importance de règlement pratique des conflits",Autre,GUINAGOUROU-PEULH,5000000,p,N,Production animale,Aménagement
624,Organisation des séances de sensibilisation des éleveurs et agriculteurs dans les villages riverains sur le respect des couloirs de passage des bœufs et l'importance de règlement pratique des conflits,Autre,BOUGNANKOU,5000000,p,N,Production animale,Aménagement
626,Organisation des séances de sensibilisation des éleveurs et agriculteurs dans les villages riverains sur le respect des couloirs de passage des bœufs et l'importance de règlement pratique des conflits,Autre,GBANDÉ,5000000,p,N,Production animale,Aménagement
562,Organiser des  séances de sensibilisation entre éleveurs et agriculteurs avec les villages riverains,Autre,GAH-MARO,5000000,p,N,Production animale,Aménagement
1533,Ouverture de couloir de passage long de 10 km plus aire de pâturage,Autre,KPAKOU-TANKONGA,5000000,p,N,Production animale,Aménagement
1536,Ouverture de couloir de passage long de 5 km et aire de pâturage,Autre,OUROUFINA,5000000,p,N,Production animale,Aménagement
1882,Ouverture de piste plus ouvrage de franchissement sur l'axe Kouandata Kounandorgou,Autre,KOUNADORGOU,5000000,p,N,Transport rural (connectivité),Piste de desserte rurale
2639,Ouverture de piste plus ouvrage de franchissement sur l’axe kouatidabirgou tchoumi tchoumi,Autre,KOUATIDABIRGOU,5000000,p,N,Transport rural (connectivité),Piste de desserte rurale
2644,Ouverture de piste plus ouvrage de franchissement sur l’axe Tigninti Takonta,Autre,TIGNINTI,5000000,p,N,Transport rural (connectivité),Piste de desserte rurale
2651,Ouverture de piste sur l’axe Moupemou Tamou Dipoli,Autre,MOUPÉMOU,5000000,p,N,Transport rural (connectivité),Piste de desserte rurale
2055,Ouverture des pistes et construction des infrastructures de franchissement,Autre,KADOLASSI,5000000,p,N,Transport rural (connectivité),Piste de desserte rurale
2336,Ouverture  des voies,Autre,GOUNIN DE PARAKOU1,5000000,p,N,Transport rural (connectivité),Piste de desserte rurale
2427,Ouverture des voies dans les nouveaux quartiers,Autre,BATAZI,5000000,p,N,Transport rural (connectivité),Piste de desserte rurale
2662,Ouverture des voies et aménagement du grand carréfour,Autre,TOUKOUNTOUNA,5000000,p,N,Transport rural (connectivité),Piste de desserte rurale
949,Ouverture des voies intercommunautaire Aladji mama koukouri Gbékpanin koukouri,Autre,KINNOU-KPAROU,5000000,p,N,Transport rural (connectivité),Piste de desserte rurale
2295,"Ouverture des voies intercommunautaire de BADEKPAROU coinri, karo koubou distant de 11km",Autre,BADÉKPAROU,5000000,p,N,Transport rural (connectivité),Piste de desserte rurale
2098,Ouverture des vons et aménagement des pistes,Autre,AWANLA,5000000,p,N,Transport rural (connectivité),Piste de desserte rurale
2099,Ouverture des vons et aménagement des pistes,Autre,KANTÈ,5000000,p,N,Transport rural (connectivité),Piste de desserte rurale
2323,Ouverture des vons (tronchon Tourou Massouka et Wakara-Goribagarimon,Autre,OUÉZÉ,5000000,p,N,Transport rural (connectivité),Piste de desserte rurale
287,Ouverture de von,Autre,PÉNESSOULOU,5000000,p,N,Transport rural (connectivité),Piste de desserte rurale
284,Ouverture de von dans le quartier,Autre,NAGAYILÉ,5000000,p,N,Transport rural (connectivité),Piste de desserte rurale
2679,OuverturedeVONS,Autre,BOUCA-WOOROU,5000000,p,N,Transport rural (connectivité),Piste de desserte rurale
1539,Ouverture du couloir de passage du cheptel bovin long de 8 km plus aire de pâturage sur l’axe SERI-KPAKOU-TANKONGA,Autre,SÉRI,5000000,p,N,Production animale,Aménagement
1955,Ouverture d'un barrage,Autre,TAMPATOU,5000000,p,N,Production végétale,Aménagement
1946,Ouverture d'un barrage,Autre,DATAKOU,5000000,p,N,Production végétale,Aménagement
2664,Ouverture d'un couloir  de passage,Autre,TOUKOUNTOUNA,5000000,p,N,Production animale,Aménagement
1935,Ouverture d'un couloir de passage,Autre,KOUSSOUCOINGOU,5000000,p,N,Production animale,Aménagement
2090,Ouverture et aménagement des vons dans le village de assaradè,Autre,ASSARADÈ,5000000,p,N,Transport rural (connectivité),Piste de desserte rurale
381,Ouverture et l'aménagement de la piste Alafiarou et Gouré Belidou,Autre,GNELKIRADJÉ,5000000,p,N,Transport rural (connectivité),Piste de desserte rurale
1034,Ouvrage de franchissement,Autre,LAKALI-KANEY,5000000,p,N,Transport rural (connectivité),Piste de desserte rurale
241,Ouvrages de collecte des eaux usées,Autre,BAPARAPÉ,5000000,p,N,Autre,Autre
1855,Ouvrages de franchissement,Autre,N’ TCHIÉGA,5000000,p,N,Transport rural (connectivité),Piste de desserte rurale
2637,Ouvrages de franchissement,Autre,YÉDÉKAHOUN,5000000,p,N,Transport rural (connectivité),Piste de desserte rurale
1727,Panneau solaires,Électrification rurale hors réseau,BORÉ,5000000,p,N,Énergie et éclairage,Électrification rurale hors réseau
1743,Panneaux solaires,Électrification rurale hors réseau,ZONGO DE KOUANDE,5000000,p,N,Énergie et éclairage,Électrification rurale hors réseau
1717,Panneaux solaires,Électrification rurale hors réseau,SAKASSON-DOMPAGO,5000000,p,N,Énergie et éclairage,Électrification rurale hors réseau
1889,Piste et ouvrage de franchissement,Autre,KOUWA N'PONGOU,5000000,p,N,Transport rural (connectivité),Piste de desserte rurale
1878,Piste reliant kounadorgou et tinoubinti,Autre,KOUANDATA,5000000,p,N,Transport rural (connectivité),Piste de desserte rurale
1853,Point d'abreuvement des animaux (forage avec abreuvoir ),Autre,N’ TCHIÉGA,5000000,p,N,Accès à l'eau,Forage + abreuvoir
1032,Point d'eau,Autre,LAKALI-KANEY,5000000,p,N,Accès à l'eau,Forage simple
2419,Point d'eau,Autre,GUÉNÉ-GUIDIGO,5000000,p,N,Accès à l'eau,Forage simple
2015,Point d'eau au niveau du marché,Autre,BIRNI-KANKOULKA,5000000,p,N,Accès à l'eau,Forage simple
2437,Point d'eau multifonctionnel,Autre,BÊKET,5000000,p,N,Accès à l'eau,Forage simple
2440,Point d'eau multifonctionnel,Autre,PÉHUNCO-GAH,5000000,p,N,Accès à l'eau,Forage simple
2370,Pont,Autre,TITIROU,5000000,p,N,Transport rural (connectivité),Piste de desserte rurale
2036,Pont de Koukoulbendi,Autre,ANANDANA,5000000,p,N,Transport rural (connectivité),Piste de desserte rurale
1159,Poser des lampes solaires d'éclairage public,Éclairage public solaire,SOROKO,5000000,p,N,Énergie et éclairage,Éclairage public solaire
1148,Poser des lampes solaires d'éclairage publique,Éclairage public solaire,BANGOU,5000000,p,N,Énergie et éclairage,Éclairage public solaire
2020,Problème de réseau téléphonique,Autre,KOUBORO,5000000,p,N,Autre,Autre
2725,Réalisation de 02 PEA,Autre,KAMANAN,5000000,p,N,Autre,Autre
2042,Réalisation de 03 bassins piscicole pour les pisciculteurs de Taïfa,Autre,TAÏFA,5000000,p,N,Autre,Autre
1747,Réalisation de 04 ouvrages de franchissement,Autre,GOGONIGA,5000000,p,N,Transport rural (connectivité),Piste de desserte rurale
121,Réalisation de 07 forages hydrauliques dans le village,Autre,WÈKÈTÈ,5000000,p,N,Accès à l'eau,Forage simple
1276,Réalisation de 10 hangars équipé de pompes à motricité humaine,Autre,GOROU-DJINDÉ,5000000,p,N,Infrastructure marchande,Hangar de marché
1284,Réalisation de 12 forages équipés de pompes à motricité humaine,Autre,MOLLA,5000000,p,N,Accès à l'eau,Forage simple
1396,Réalisation de 5 forages équipés d'un panneau solaire,Autre,KÉFÉRI-HINKANTÉ,5000000,p,N,Accès à l'eau,Forage simple
1535,Réalisation de 5 forages multifonctionnels munis d’abreuvoir à OUROU-FINA et ses camps peulh,Autre,OUROUFINA,5000000,p,N,Accès à l'eau,Forage + abreuvoir
1269,Réalisation de 6 forages équipés de pompes à motricité humaine,Autre,SAKAWAN-TÉDJI,5000000,p,N,Accès à l'eau,Forage simple
789,Réalisation de 8 pompes à motricité humaine,Autre,ANGANKIROU,5000000,p,N,Autre,Autre
929,Réalisation de barrage,Autre,OUÉNOU,5000000,p,N,Production végétale,Aménagement
923,Réalisation de barrage,Autre,DANKOUROU,5000000,p,N,Production végétale,Aménagement
2597,RÉALISATION DE CINQ FORAGE MUNI D’ABREVOIR ET OU MARRES,Autre,TANCÉ,5000000,p,N,Accès à l'eau,Forage simple
1529,Réalisation de cinq forages multifonctionnelle équipé de photovoltaïque et muni d’un abreuvoir dans le village de Fo-Mama et ses hameaux,Autre,FOO-MAMA,5000000,p,N,Accès à l'eau,Forage + abreuvoir
1532,Réalisation de cinq forages multifonctionnels munis d’abreuvoir à KPAKOU-TANKONGA et ses camps peulh,Autre,KPAKOU-TANKONGA,5000000,p,N,Accès à l'eau,Forage + abreuvoir
1538,Réalisation de cinq forages multifonctionnels munis d’abreuvoirs à Seri et ses camps peulh,Autre,SÉRI,5000000,p,N,Accès à l'eau,Forage + abreuvoir
2656,Realisation de couloir de passage et retenu d’eau,Autre,COTIAKOU,5000000,p,N,Production animale,Aménagement
2598,Réalisation de couloirs de passage des animaux,Autre,TANCÉ,5000000,p,N,Production animale,Aménagement
1757,Réalisation de deux ouvrages de franchissements  allant des maisons vers le quartier Taifa (au niveau de Sabari) au profit de la communauté de Gorobani,Autre,PÉTONI-POHO-GOROBANI,5000000,p,N,Transport rural (connectivité),Piste de desserte rurale
637,Réalisation de deux points d'eau agro-pastorale à usage multiples,Autre,BOA,5000000,p,N,Production animale,Aménagement
1561,Réalisation de deux points d'eau multifonctionnel,Autre,KPÉRINKPÉ,5000000,p,N,Autre,Autre
1556,Réalisation de deux points d'eau multifonctionnels,Autre,DIMANSOURI,5000000,p,N,Autre,Autre
369,Réalisation de deux points d'eaux à usage multiples et agro-pastorale,Autre,KAKATINNIN,5000000,p,N,Production animale,Aménagement
567,Réalisation de deux pompes à motricité humaine,Autre,GUINAGOUROU-PEULH,5000000,p,N,Autre,Autre
2575,Réalisation de forage dans le marché,Autre,IKOUNGA,5000000,p,N,Accès à l'eau,Forage simple
2056,Réalisation de forage hydraulique d’approvisionnement en eaunpotable dans les hameaux,Autre,KADOLASSI,5000000,p,N,Accès à l'eau,Forage simple
77,Réalisation de forage hydraulique pour l’approvisionnement en eau potable,Autre,ALITOKOUM,5000000,p,N,Accès à l'eau,Forage simple
2582,Réalisation de forage muni d’abreuvoir et ou marres,Autre,FOO,5000000,p,N,Accès à l'eau,Forage + abreuvoir
78,Réalisation de forage pastorale,Autre,ALITOKOUM,5000000,p,N,Accès à l'eau,Forage simple
2073,Réalisation  de forage photovoltaïque,Autre,SONATÉ,5000000,p,N,Accès à l'eau,Forage simple
289,Réalisation de forage pour le camp peulh,Autre,PÉNESSOULOU,5000000,p,N,Accès à l'eau,Forage simple
1500,"Réalisation de forages dans chacune des localité de : Gbéba, Kakouro, Gbéba-gourou, Toutouré",Autre,GBÉBA DE PEHUNCO,5000000,p,N,Accès à l'eau,Forage simple
358,Réalisation delà retenue d'eau,Autre,NÉGANZI,5000000,p,N,Production végétale,Aménagement
2242,Réalisation de l’assainissement des points critiques au profit de la communauté,Autre,BATOULOU,5000000,p,N,Hygiène et assainissement (WASH),Blocs de latrines publiques modernes
2269,Réalisation de latrines moderne au profit de la communauté,Autre,ZOUNTORI,5000000,p,N,Hygiène et assainissement (WASH),Blocs de latrines publiques modernes
2247,Réalisation de latrines moderne au profit de la communauté,Autre,BATOULOU MOUNLA,5000000,p,N,Hygiène et assainissement (WASH),Blocs de latrines publiques modernes
1429,Réalisation de l'électricité hors réseau du village,Électrification rurale hors réseau,GBASSÈ,5000000,p,N,Énergie et éclairage,Électrification rurale hors réseau
406,Réalisation de lotissement,Autre,BATIN,5000000,p,N,Autre,Autre
1756,"Réalisation de module de trois classes, équipé de mobiliers avec cantine et forage à l’EPP Gorobani",Autre,PÉTONI-POHO-GOROBANI,5000000,p,N,Accès à l'eau,Forage simple
1493,"Réalisation de parcs de vaccination à : Ganrou, somparerou Gah, Nan'kininrou",Autre,SOMPARÉROU-GAH,5000000,p,N,Production animale,Parc de vaccination
1824,Réalisation de point d'eau,Autre,KPANKPANKOU,5000000,p,N,Accès à l'eau,Forage simple
2687,Réalisation de points d’eau agropastorale  à usages multiples   munis de châteaux avec panneaux solaire Equipements et/ou acquisitions diverses,Autre,GBÉROUGBASSI,5000000,p,N,Production animale,Aménagement
2677,Réalisationdepointsd’eauagropastoraleàusages multiplesmunisdechâteauxavecpanneauxsolaire𝑠+Equipementset/ouacquisitionsdiversesàSékossia,Autre,BOUCA-WOOROU,5000000,p,N,Production animale,Aménagement
597,Réalisation de pompes à motricité humaine à Kararou et koukerou,Autre,GANDO-ALAFIAROU,5000000,p,N,Autre,Autre
662,Réalisation de quatre forages photovoltaïques à usage multiples,Autre,BESSASSI-BÉA,5000000,p,N,Accès à l'eau,Forage simple
379,"Réalisation de quatre postes d'Eau à l'Aladji Kouri, Gouré karakou, sounon yama et Gnelkiradjè,",Autre,GNELKIRADJÉ,5000000,p,N,Autre,Autre
2407,Realisation de retenu d'eau poir abreuver les animaux,Autre,GARBEY-KOARA,5000000,p,N,Production animale,Alimentation
1375,réalisation de retenue d'eau,Autre,GANDO-KOSSIKANA,5000000,p,N,Production végétale,Aménagement
310,Réalisation de retenue d'eau,Autre,ABINTAGA,5000000,p,N,Production végétale,Aménagement
945,Réalisation des caniveaux de part et d'autre de la voie à kinnoukpanou avec un ouvrage de franchisement et traitement des points critiques,Autre,KINNOU-KPAROU,5000000,p,N,Transport rural (connectivité),Caniveau
940,Réalisation des caniveaux de part et d'autre de la voie à sakanakpeba avec un ouvrage de franchisement et traitement des points critiques,Autre,SAKANA- KPÉBA,5000000,p,N,Transport rural (connectivité),Caniveau
2497,Réalisation des forages dans le village Bounkossorou et ses hameaux,Autre,GUILMARO-BOUNKOSSOROU,5000000,p,N,Accès à l'eau,Forage simple
1524,Réalisation des forages dans le village de Damouti et ses hameaux,Autre,DAMOUTI,5000000,p,N,Accès à l'eau,Forage simple
2507,Réalisation des forages dans le village de kèdékou et ses hameaux,Autre,KÈDÉKOU,5000000,p,N,Accès à l'eau,Forage simple
2502,Réalisation des forages dans le village de SINAKPAGOUROU et ses hameaux,Autre,GUILMARO-SINAKPAGOUROU,5000000,p,N,Accès à l'eau,Forage simple
2270,Réalisation des forages d'eau pour l'utilisation de la communauté et des animaux.,Autre,WARGOU,5000000,p,N,Accès à l'eau,Forage simple
2719,Réalisation des forages hydraulique améliorer l'accès à l'eau potable à tous les ménages,Autre,TCHITCHAKOU,5000000,p,N,Accès à l'eau,Forage simple
2046,Réalisation des forages hydraulique d’approvisionnement en eau potable dans les hameaux,Autre,ATCHANKOMOU,5000000,p,N,Accès à l'eau,Forage simple
880,Réalisation des infrastructures d'électrification hors réseau,Électrification rurale hors réseau,BOUNDAROU,5000000,p,N,Énergie et éclairage,Électrification rurale hors réseau
879,Réalisation des infrastructures d'électrification hors réseau,Électrification rurale hors réseau,BAKINKOURA,5000000,p,N,Énergie et éclairage,Électrification rurale hors réseau
2578,Réalisation des infrastructures d’électrification hors réseau,Électrification rurale hors réseau,PÉTONI-POHO- PARTAGO,5000000,p,N,Énergie et éclairage,Électrification rurale hors réseau
2322,Réalisation des infrastructures d’électrification hors réseau  (05 panneaux solaires),Électrification rurale hors réseau,OUÉZÉ,5000000,p,N,Énergie et éclairage,Électrification rurale hors réseau
2041,Réalisation des infrastructures d’électrification hors réseau à Taïfa,Électrification rurale hors réseau,TAÏFA,5000000,p,N,Énergie et éclairage,Électrification rurale hors réseau
51,Réalisation des infrastructures d’électrification hors réseau au profit des peulh,Électrification rurale hors réseau,SAPAHA,5000000,p,N,Énergie et éclairage,Électrification rurale hors réseau
873,Réalisation des infrastructures d'électrification hors réseau ( panneaux solaires),Électrification rurale hors réseau,KABASSIRA,5000000,p,N,Énergie et éclairage,Électrification rurale hors réseau
2313,Réalisation des infrastructures d'électrification hors réseau (panneaux solaires),Électrification rurale hors réseau,MADINA DE PRKOU1,5000000,p,N,Énergie et éclairage,Électrification rurale hors réseau
2317,Réalisation des infrastructures d’électrification hors réseau (panneaux solaires) dans plusieurs vons du quartier,Électrification rurale hors réseau,KPÉBIÉ DE PARAKOU1,5000000,p,N,Énergie et éclairage,Électrification rurale hors réseau
1752,Réalisation des infrastructures d’électrification hors réseau (panneaux solaires) dans toutes les vons du quartier,Électrification rurale hors réseau,MADINA DE DJOUGOU1,5000000,p,N,Énergie et éclairage,Électrification rurale hors réseau
1755,Réalisation des infrastructures d’électrification hors réseau (panneaux solaires) dans toutes les vons du quartier au profit de la communauté de Gorobani,Électrification rurale hors réseau,PÉTONI-POHO-GOROBANI,5000000,p,N,Énergie et éclairage,Électrification rurale hors réseau
2399,"Réalisation des ouvrage d'eau multifonctionnels pour abreuvement ,maraichage et usage domestique dans la localité de kompanti",Autre,KOMPANTI,5000000,p,N,Production animale,Alimentation
1827,Réalisation des points d'eau,Autre,NIÈKÈNÈ-BANSOU,5000000,p,N,Autre,Autre
1805,RÉALISATION DES POINTS D’EAU MUNI DES ABREVOIRS,Autre,BOROYINDÉ,5000000,p,N,Autre,Autre
259,Réalisation des points d'eau positif muni de tank dans les camps peuhls de dengou,Autre,DINGOU,5000000,p,N,Autre,Autre
229,Réalisation des points d'eau pour abreuvement des animaux au profit des éleveurs,Autre,DIÉPANI-BALIMBOLI,5000000,p,N,Production animale,Alimentation
2299,Réalisation des vons,Autre,KPAWOLOU DE NIKKI,5000000,p,N,Transport rural (connectivité),Piste de desserte rurale
2330,Réalisation d'infrastructures  d'électrification,Éclairage public solaire,GAANON,5000000,p,N,Énergie et éclairage,Éclairage public solaire
2409,"Réalisation d'ouvrage d'eau multifonctionnels pour abreuvement, maraichage, et usage domestique à kéné touga",Autre,KÉNÉ-TOUNGA,5000000,p,N,Production animale,Alimentation
2244,Réalisation d’ouvrage de franchissement,Autre,BATOULOU,5000000,p,N,Transport rural (connectivité),Piste de desserte rurale
2267,Réalisation d’ouvrage de franchissement reliant la communauté de Zountori et Baparapé,Autre,ZOUNTORI,5000000,p,N,Transport rural (connectivité),Piste de desserte rurale
1540,Réalisation d’un barage,Autre,GNAMPOLI,5000000,p,N,Production végétale,Aménagement
934,Réalisation d'un barrage,Autre,POURAMPARÈ,5000000,p,N,Production végétale,Aménagement
1640,Réalisation d'un barrage,Autre,TASSAYOTA,5000000,p,N,Production végétale,Aménagement
1636,Réalisation d'un barrage,Autre,KOUYA,5000000,p,N,Production végétale,Aménagement
1633,Réalisation d'un barrage,Autre,KÊYORDAKÊ,5000000,p,N,Production végétale,Aménagement
1621,Réalisation d'un barrage,Autre,KOUSSOUNOUNGOU,5000000,p,N,Production végétale,Aménagement
1618,Réalisation d'un barrage,Autre,DIDOMPÊ,5000000,p,N,Production végétale,Aménagement
1607,Réalisation d'un barrage,Autre,KOUTCHATIÉ,5000000,p,N,Production végétale,Aménagement
224,Réalisation d'un barrage au profit des éleveurs et autres,Autre,BASSILA BAKABAKA,5000000,p,N,Production animale,Aménagement
805,Réalisation d'un barrage hydro pastorale,Autre,TÉPA,5000000,p,N,Production animale,Aménagement
235,Réalisation d'un centre analyse et de prise en charge sanitaire,Autre,TIMTIM-BONGO,5000000,p,N,Autre,Autre
2596,Réalisation d’un centre d’alphabétisation,Autre,OROUBOUSSOUKOU,5000000,p,N,Education,Infrastructure d'alphabétisation
2606,Réalisation d’un château au camp peulh,Autre,TIKOU,5000000,p,N,Accès à l'eau,Forage simple
2588,Réalisation d’un château d’eau,Autre,MAKA,5000000,p,N,Accès à l'eau,Forage simple
222,Réalisation d'un château d'eau au profit du quartier de baka baka,Autre,BASSILA BAKABAKA,5000000,p,N,Accès à l'eau,Forage simple
2593,Réalisation d’un château d’eau potable,Autre,OROUBOUSSOUKOU,5000000,p,N,Accès à l'eau,Forage simple
1808,RÉALISATION d’un château d’eau pouvant desservir jusqu'à camp peulh danri,Autre,DANRI DE FOO_TANCE,5000000,p,N,Accès à l'eau,Forage simple
2604,Réalisation d’un couloir de passage,Autre,TIKOU,5000000,p,N,Production animale,Aménagement
1549,Réalisation d’un couloir de passage,Autre,YINSIGA,5000000,p,N,Production animale,Aménagement
1806,RÉALISATION D’UN COULOIR DE PASSAGE,Autre,BOROYINDÉ,5000000,p,N,Production animale,Aménagement
2011,Réalisation d'un couloir de passage des animaux,Autre,GBÉNIKI,5000000,p,N,Production animale,Aménagement
2589,Réalisation d’un couloir de passage des animaux,Autre,MAKA,5000000,p,N,Production animale,Aménagement
2594,Réalisation d’un couloir de passage des animaux,Autre,OROUBOUSSOUKOU,5000000,p,N,Production animale,Aménagement
53,Réalisation d’un couloir de passage des bœuf à sapaha,Autre,SAPAHA,5000000,p,N,Production animale,Aménagement
1525,Réalisation d’un couloir de passage et ses hameaux,Autre,DAMOUTI,5000000,p,N,Production animale,Aménagement
2500,Réalisation d'un couloir de passage plus aire de pâturage,Autre,GUILMARO-BOUNKOSSOROU,5000000,p,N,Production animale,Aménagement
2505,Réalisation d'un couloir de passage plus aire de pâturage,Autre,GUILMARO-SINAKPAGOUROU,5000000,p,N,Production animale,Aménagement
2510,Réalisation d'un couloir de passage plus aire de pâturage,Autre,KÈDÉKOU,5000000,p,N,Production animale,Aménagement
1810,RÉALISATION d’un couloir de passage plus aire de pâturage,Autre,DANRI DE FOO_TANCE,5000000,p,N,Production animale,Aménagement
2647,Réalisation d’un couloir de passage pour animaux,Autre,TIGNINTI,5000000,p,N,Production animale,Aménagement
2642,Réalisation d’un couloir de passage pour bétail,Autre,KOUATIDABIRGOU,5000000,p,N,Production animale,Aménagement
2630,Réalisation d’un couloir de passage pour les animaux,Autre,NODI,5000000,p,N,Production animale,Aménagement
133,Réalisation d’un couloir de passage pour les boeufs,Autre,TÈKÈ-TÉROU,5000000,p,N,Production animale,Aménagement
804,Réalisation d'une pompe à motricité humaine,Autre,TÉPA,5000000,p,N,Autre,Autre
632,Réalisation d'une pompe à motricité humaine,Autre,SINANIMOIN,5000000,p,N,Autre,Autre
1582,Réalisation d'une retenue d'eau,Autre,NATIÉNI,5000000,p,N,Production végétale,Aménagement
1642,Réalisation d'une retenue d'eau,Autre,TASSAYOTA,5000000,p,N,Production végétale,Aménagement
1121,Réalisation d'une retenue d'eau,Autre,YANGUÉRI,5000000,p,N,Production végétale,Aménagement
1692,Réalisation d'une retenue d'eau,Autre,KOUKPINTIEGOU,5000000,p,N,Production végétale,Aménagement
1071,Réalisation d'une retenue d'eau,Autre,KPAKO-GBABI,5000000,p,N,Production végétale,Aménagement
1859,Réalisation d'une retenue d'eau,Autre,GNANGOU,5000000,p,N,Production végétale,Aménagement
1864,Réalisation d'une retenue d'eau,Autre,TAPOGA,5000000,p,N,Production végétale,Aménagement
1681,Réalisation d'une retenue d'eau,Autre,NIORO- KOLINA,5000000,p,N,Production végétale,Aménagement
1664,Réalisation d'une retenue d’eau,Autre,WOLO,5000000,p,N,Production végétale,Aménagement
1670,Réalisation d'une retenue d’eau,Autre,TABA,5000000,p,N,Production végétale,Aménagement
750,Réalisation d'une retenue d'eau à but agro-pastoral,Autre,PÉONGA,5000000,p,N,Production animale,Aménagement
734,Réalisation d'une retenue d'eau agro-pastoral,Autre,ANGARADÉBOU DE PÉONGA,5000000,p,N,Production animale,Aménagement
638,Réalisation d'une retenue d'eau agro-pastorale dans la rivière LOUKOUKOÏ,Autre,BOA,5000000,p,N,Production animale,Aménagement
654,Réalisation d'une retenue d’eau agropastorale entre GNEL DJOBO et KORODJI,Autre,KORODJI,5000000,p,N,Production animale,Aménagement
648,Réalisation d'une retenue d’eau agropastorale entre GNEL DJOBO et KORODJI,Autre,GNEL-DJOBO,5000000,p,N,Production animale,Aménagement
664,Réalisation d'une retenue d’eau agropastorale pour les animaux,Autre,BESSASSI-BÉA,5000000,p,N,Production animale,Aménagement
1699,Réalisation d'une retenue d'eau à koutannougou,Autre,KOUTCHA-KOUMAGOU,5000000,p,N,Production végétale,Aménagement
728,Réalisation d'une retenue d'eau à Lou (cours d'eau zoné soanan,Autre,LOU,5000000,p,N,Production végétale,Aménagement
1587,Réalisation d'une retenue d'eau à Okouaro,Autre,OKOUARO,5000000,p,N,Production végétale,Aménagement
2220,Réalisation d'une retenue d'eau au profit des éleveurs,Autre,MORWATCHOHI,5000000,p,N,Production animale,Aménagement
2628,Réalisation d'une retenue d’eau à usage multiples,Autre,NODI,5000000,p,N,Production végétale,Aménagement
83,Réalisation d'une retenue d'eau et installation d'un aménagement hydrauagricol,Autre,AKPADÈ,5000000,p,N,Production végétale,Aménagement
1627,Réalisation d'une retenue d'eau par surcreusement,Autre,KOUTAYAGOU,5000000,p,N,Production végétale,Aménagement
2518,Réalisation d'une retenue d'eau pour abreuver les animaux et pour le maraîchage,Autre,MANTCHARI,5000000,p,N,Production animale,Alimentation
1569,Réalisation d'une retenue d'eau pour l'abreuvage des animaux et le maraîchage dans le village de Natchénté,Autre,NATCHÉNTÉ,5000000,p,N,Production animale,Alimentation
2515,Réalisation d'une retenue d'eau pour l'abreuvage des animaux et pour le maraîchage,Autre,DISSAPOLI,5000000,p,N,Production animale,Alimentation
52,Réalisation d’une retenue d’eau pour l’abreuvement des animaux,Autre,SAPAHA,5000000,p,N,Production animale,Alimentation
2096,Réalisation d'une retenue d’eau pour l’abreuvement des animaux et les activités connexe,Autre,AWANLA,5000000,p,N,Production animale,Alimentation
956,Réalisation d'une retenue d'eaux,Autre,GAH-WINRA,5000000,p,N,Production végétale,Aménagement
589,Réalisation d'une route en laterite Diguidirou-Diguidirou-Peulh,Autre,DIGUIDIROU -PEULH,5000000,p,N,Transport rural (connectivité),Piste de desserte rurale
2392,Réalisation d’un étang piscicole,Autre,TONDIKOARIA,5000000,p,N,Production végétale,Aménagement
209,Réalisation d'une unité de pompage en eau au profit des éleveurs pour abreuvage des animaux,Autre,APPI,5000000,p,N,Production animale,Alimentation
1499,"Réalisation d'un forage agropastoral à Kakouro au profit des éleveurs de Sonnin, de Kakouro, de karassanda",Autre,GBÉBA DE PEHUNCO,5000000,p,N,Accès à l'eau,Forage simple
2216,Réalisation d'un forage agro pastorale,Autre,GAH,5000000,p,N,Accès à l'eau,Forage simple
2221,Réalisation d'un forage agro pastorale au profit des éleveurs,Autre,MORWATCHOHI,5000000,p,N,Accès à l'eau,Forage simple
1051,Réalisation d'un forage à usage multiple dans le village,Autre,BANITÈ-KOUBÉRI,5000000,p,N,Accès à l'eau,Forage simple
1056,Réalisation d'un forage à usage multiple dans le village,Autre,KANTORO,5000000,p,N,Accès à l'eau,Forage simple
2047,Réalisation d’un forage pastorale,Autre,ATCHANKOMOU,5000000,p,N,Accès à l'eau,Forage simple
2211,Réalisation d'un forage pastorale muni d’abreuvoir au profit des éleveurs,Autre,FOUNGA,5000000,p,N,Accès à l'eau,Forage + abreuvoir
2111,Réalisation d'un forage pour l’approvisionnement en eau potable,Autre,KOUKOULOUNDA,5000000,p,N,Accès à l'eau,Forage simple
2104,Réalisation d'un forage pour l’approvisionnement en eau potable,Autre,KASSUA-ALLAH,5000000,p,N,Accès à l'eau,Forage simple
2119,Réalisation d'un forage pour l’approvisionnement en eau potable des ménages,Autre,KPÉLOUDÈ,5000000,p,N,Accès à l'eau,Forage simple
2117,Réalisation d'un forage pour l’approvisionnement en eau potable des ménages,Autre,KPÉLITÉ,5000000,p,N,Accès à l'eau,Forage simple
2592,Réalisation d’un magasin de stockage,Autre,OROUBOUSSOUKOU,5000000,p,N,Infrastructure marchande,Magasin de stockage
459,Réalisation d'un micro barrage,Autre,KIRICOUBÈ,5000000,p,N,Production végétale,Aménagement
689,Réalisation d’un micro – barrage à Guido nourou,Autre,GUEMA,5000000,p,N,Production végétale,Aménagement
2599,Réalisation d’un mini barrages,Autre,TANCÉ,5000000,p,N,Production végétale,Aménagement
2043,Réalisation d’un module,Autre,TAÏFA,5000000,p,N,Autre,Autre
2039,Réalisation d’un module de deux classes avec cantine pour la maternelle de la communauté de Kilir,Autre,KILIR,5000000,p,N,Education,Module de deux (2) salles de classe pour les écoles maternelles
2640,Réalisation d’un module de trois classe plus bureau et magasin,Autre,KOUATIDABIRGOU,5000000,p,N,Education,Bureau d'école primaire
2372,Réalisation d'un muni barrage pour abreuver les animaux à Massy -Gourma,Autre,MAMASSY-GOURMA,5000000,p,N,Production animale,Alimentation
2261,Réalisation d'un ouvrage de franchissement de la communauté de Servessi et le camp peulh,Autre,SEHVESSI,5000000,p,N,Transport rural (connectivité),Piste de desserte rurale
2249,Réalisation d'un ouvrage de franchissement entre la communauté de Batoulou Mounla et la communauté de Kpatouhou,Autre,BATOULOU MOUNLA,5000000,p,N,Transport rural (connectivité),Piste de desserte rurale
1526,Réalisation d’un ouvrage de franchissement sur la piste Damouti-Goutéré,Autre,DAMOUTI,5000000,p,N,Transport rural (connectivité),Piste de desserte rurale
2044,Réalisation d’un ouvrage de franchissement vers le CEG 3,Autre,TAÏFA,5000000,p,N,Education,Salles de classes pour les collèges et lycées
1058,Réalisation d'un parc de contention avec forage équippé d’abreuvoir,Autre,KANTORO,5000000,p,N,Accès à l'eau,Forage + abreuvoir
2556,Réalisation d’un parc de vaccination,Autre,KOUDAHONGOU,5000000,p,N,Production animale,Parc de vaccination
2567,Réalisation d'un point d’eau,Autre,IKOUNGA,5000000,p,N,Autre,Autre
2667,Réalisationd'unpointd’eauagropastoraleàusagesmultiplesàGourèAhidjomunidechâteauavecpanneauxsolaire𝑠 +Equipementset/ou acquisitions diverses,Autre,ADA-KPANÉ,5000000,p,N,Production animale,Aménagement
2605,Réalisation d’un point d’eau à l’EPP TIKOY,Autre,TIKOU,5000000,p,N,Education,Module de trois (3) salles de classes + bureau et magasins pour les écoles primaires
2538,Réalisation d’un point d’eau à usage multifonctionnel à Dibéteni,Autre,DITCHENDIA,5000000,p,N,Autre,Autre
2553,Réalisation d’un point d’eau à usage multifonctionnel à Koudawongou,Autre,KOUDAHONGOU,5000000,p,N,Autre,Autre
2542,Réalisation d’un point d’eau à usage multifonctionnel à kouwangou,Autre,KOUMONTCHIRGOU,5000000,p,N,Autre,Autre
2373,Réalisation d'un point d'eau à usage multiple à Banikani,Autre,BANIKANI,5000000,p,N,Accès à l'eau,Forage simple
1913,Réalisation d'un point d'eau multifonctionel,Autre,KOUWETAKOUANGOU,5000000,p,N,Accès à l'eau,Forage simple
1918,Réalisation d'un point d'eau multifonctionel,Autre,TAKPANTA,5000000,p,N,Accès à l'eau,Forage simple
2517,Réalisation d'un point d'eau multifonctionnel,Autre,MANTCHARI,5000000,p,N,Accès à l'eau,Forage simple
592,Réalisation d'un point d'eau multifonctionnel,Autre,SOMBIRIKPÉROU,5000000,p,N,Accès à l'eau,Forage simple
1620,Réalisation d'un point d'eau multifonctionnel,Autre,KOUSSOUNOUNGOU,5000000,p,N,Accès à l'eau,Forage simple
1616,Réalisation d'un point d'eau multifonctionnel,Autre,DIDOMPÊ,5000000,p,N,Accès à l'eau,Forage simple
2562,Réalisation d'un point d'eau multifonctionnel,Autre,TIPAOTI,5000000,p,N,Accès à l'eau,Forage simple
1625,Réalisation d'un point d'eau multifonctionnel,Autre,KOUTAYAGOU,5000000,p,N,Accès à l'eau,Forage simple
2522,Réalisation d'un point d'eau multifonctionnel,Autre,OUKOUNSÉRIHOUN,5000000,p,N,Accès à l'eau,Forage simple
1933,Réalisation d'un point d'eau multifonctionnel,Autre,KOUSSOUCOINGOU,5000000,p,N,Accès à l'eau,Forage simple
1746,Réalisation d'un point d’eau multifonctionnel,Autre,GOGONIGA,5000000,p,N,Autre,Autre
833,Réalisation d’un point d’eau multifonctionnel,Autre,SANSI,5000000,p,N,Autre,Autre
50,Réalisation d’un point d ́eau  multifonctionnel,Autre,SAPAHA,5000000,p,N,Autre,Autre
1576,Réalisation d'un point d'eau multifonctionnel à dipoli centre.,Autre,DIPOLI,5000000,p,N,Accès à l'eau,Forage simple
1566,Réalisation d'un point d'eau multifonctionnel à Ipantipani,Autre,NATCHÉNTÉ,5000000,p,N,Accès à l'eau,Forage simple
2512,Réalisation d'un point d'eau multifonctionnel à Lengbémon,Autre,DISSAPOLI,5000000,p,N,Accès à l'eau,Forage simple
1596,Réalisation d’un point d’eaumultifonctionnel à usage agropastoral avec ouvrage de prise  et système solaire d’exploitation,Autre,KOUKOUATCHIENGOU,5000000,p,N,Production animale,Aménagement
2532,Réalisation d’un point d’eau multifonctionnel à usage agropastoral avec ouvrages de prise et système solaire d'exploitation,Autre,KOUTAGOU,5000000,p,N,Production animale,Aménagement
2193,Réalisation d'un point d'eau multifonctionnel à usage agro-pastorale avec ouvrages de prise et système solaire d'exploitation,Autre,KPAKPALARÉ,5000000,p,N,Accès à l'eau,Forage simple
2389,Réalisation d’un point d’eau multifonctionnelle à usage agropastoral avec ouvrage de prise et système d'exploitation solaire à TONDIKOARIA.,Autre,TONDIKOARIA,5000000,p,N,Production animale,Aménagement
2102,Réalisation d'un point d’eau pour l’approvisionnement en eau potable des ménages,Autre,KANTÈ,5000000,p,N,Accès à l'eau,Forage simple
2557,Réalisation d’un point d’un point d’eau multifonnnel à koutchédougou,Autre,KOUMAGOU,5000000,p,N,Autre,Autre
272,Réalisation d'un poste d'eau potable équipée de panneaux photovoltaïques,Autre,TCHÉTOU,5000000,p,N,Accès à l'eau,Poste d'eau autonome (PEA)
818,Réalisation d'un retenu d'eau,Autre,OUROUMONSI- PEULH,5000000,p,N,Autre,Autre
286,Réalisation d'un retenue d'eau,Autre,NAGAYILÉ,5000000,p,N,Production végétale,Aménagement
2268,Réalisation d'un retenue d’eau au profit des éleveurs,Autre,ZOUNTORI,5000000,p,N,Production animale,Aménagement
2262,Réalisation d'un retenue d’eau au profit des éleveurs de la communauté,Autre,SEHVESSI,5000000,p,N,Production animale,Aménagement
2253,Réalisation d'un retenue d’eau au profit des jeunes éleveurs,Autre,DÉNDOUGOU,5000000,p,N,Production animale,Aménagement
1597,Réalisation d’un surcresement de mar racordé à un abreuvoir pour les animaux et équipé d’une prise d’eau pour le maraîchage avec un poste d’eau équipé de système photovoltaïque,Autre,KOUKOUATCHIENGOU,5000000,p,N,Production animale,Alimentation
1658,Réalisation d'un surcreusement,Autre,KOUWOTCHIRGOU,5000000,p,N,Production végétale,Aménagement
1520,Réalisation d'un surcreusement à Fouro,Autre,SAYAKROU – GAH,5000000,p,N,Production végétale,Aménagement
1502,Réalisation d'un surcreusement à Gbeba gourou et à Sonnin au profit des éleveurs,Autre,GBÉBA DE PEHUNCO,5000000,p,N,Production animale,Aménagement
2648,Réalisation d’un surcreusement de mare raccordé à un abreuvoir pour bétail et réalisation d'un poste d’eau autonome,Autre,KOUTIE,5000000,p,N,Production animale,Alimentation
2638,Réalisation d’un surcreusement de mare raccordé à un abreuvoir pour bétail et réalisation d'un poste d’eau autonome (forage plus château d’eau plus born fontaine),Autre,KOUATIDABIRGOU,5000000,p,N,Accès à l'eau,Forage + abreuvoir
2568,Réalisation d’un surcreusesement,Autre,IKOUNGA,5000000,p,N,Autre,Autre
1812,RÉALISATION d’un terrain de football,Autre,DANRI DE FOO_TANCE,5000000,p,N,Sport et loisirs,Terrain de football
1530,Réalisation du pont de franchissement de KPAKOU-TANKONGA,Autre,FOO-MAMA,5000000,p,N,Transport rural (connectivité),Piste de desserte rurale
1537,Réalisation du pont de KPAKOU-TANKONGA,Autre,SÉRI,5000000,p,N,Transport rural (connectivité),Piste de desserte rurale
1534,Réalisation du pont de KPAKOU-TANKONGA traversé par un cours d’eau large de 18 mètres au profit des communautés de KPAKOU-TANKONGA OUROU-FINA  SERI,Autre,OUROUFINA,5000000,p,N,Transport rural (connectivité),Piste de desserte rurale
1531,Réalisation du pont de KPAKOU-TANKONGA traversé par un cours d’eau large de 18 mètres au profit des communautés de KPAKOU-TANKONGA OUROU-FINA SERI,Autre,KPAKOU-TANKONGA,5000000,p,N,Transport rural (connectivité),Piste de desserte rurale
2092,Réaliser 05 forage hydraulique pour l'approvisionnement des ménages en eau potable,Autre,ASSARADÈ,5000000,p,N,Accès à l'eau,Forage simple
276,Réaliser de retenue d'eau,Autre,TCHÉTOU,5000000,p,N,Production végétale,Aménagement
1155,Réaliser des forages d'eau potable,Autre,GOUN-GOUN,5000000,p,N,Accès à l'eau,Forage simple
1825,Réaliser les points d'eau,Autre,KPÉSSOUROU,5000000,p,N,Autre,Autre
1160,Réaliser une retenue d'eau,Autre,SOROKO,5000000,p,N,Production végétale,Aménagement
1166,Réaliser une retenue d'eau,Autre,GBÉNIKI DE SOROKO,5000000,p,N,Production végétale,Aménagement
1173,Réaliser une retenue d'eau,Autre,MÉKROU,5000000,p,N,Production végétale,Aménagement
2153,Réaliser une retenue d’eau (barrages),Autre,ATCHANKPA-KOLAH,5000000,p,N,Production végétale,Aménagement
2721,Réaliser une retenué d'eau et un aménagement hydroagricol pour lancer les jeunes vers les activités de contre saison et fournir de l'eau au bétail,Autre,TCHITCHAKOU,5000000,p,N,Infrastructure marchande,Marché de bétail
2164,Réaliser une retenue d’eau munie d’un aménagement hydro agricoles de grande envergure,Autre,OURAMARÉ,5000000,p,N,Production végétale,Aménagement
2051,Réaliser un forage hydraulique d’approvisionnement en potable dans les hameaux,Autre,PAMOU,5000000,p,N,Accès à l'eau,Forage simple
279,Réaliser un poste d'eau autonome,Autre,YARI,5000000,p,N,Autre,Autre
1645,Réalisé un point d'eau dans le village,Autre,KOUSSETIEGOU,5000000,p,N,Accès à l'eau,Forage simple
1646,Réalisé un surcreusement pour l'abrevage des animaux,Autre,KOUSSETIEGOU,5000000,p,N,Production animale,Aménagement
1675,Réaménagement de la maternité et de la pharmacie de pénélan,Autre,PÉNÉLAN,5000000,p,N,Santé,Lits de maternité et d'hospitalisation
607,Réaménagement de la piste gah gbérou-sinagourou frontière,Autre,GAN -GBÉROU,5000000,p,N,Transport rural (connectivité),Piste de desserte rurale
834,Réaménagement de l’école primaire,Autre,SANSI,5000000,p,N,Education,Module de trois (3) salles de classes + bureau et magasins pour les écoles primaires
2699,Reamenagement des pistes de sentiers,Autre,GORGOBA,5000000,p,N,Transport rural (connectivité),Piste de desserte rurale
684,Réaménagement des retenues d'eau (barrage),Autre,GBARI,5000000,p,N,Production végétale,Aménagement
498,Réaménagement du barrage de Ganro,Autre,GANRO,5000000,p,N,Production végétale,Aménagement
475,Réaménagement du barrage de Seko Kparou,Autre,SÉKO-KPAROU,5000000,p,N,Production végétale,Aménagement
911,Réaménagement du barrage en barrage agro-pastorale,Autre,GAH- MARO-PEULH,5000000,p,N,Production animale,Aménagement
699,"Reboisement de 5 hectares, khaya, senegalensis, pacom...",Autre,GUINROU-PEULH,5000000,p,N,Autre,Autre
943,Réduire l'obstruction des terres cultivables pour le passage des animaux à travers la sécurisation des couloirs de passage,Autre,SAKANA- KPÉBA,5000000,p,N,Production animale,Aménagement
1888,Réfection centre de santé,Autre,KOUWA N'PONGOU,5000000,p,N,Santé,Centre de santé d'arrondissement (CSA) ou Centre de santé de commune (CSC)
1564,Réfection d'un module de trois classes plus bureau et magasin,Autre,KPÉRINKPÉ,5000000,p,N,Education,Bureau d'école primaire
1559,Réfection d'un module de trois classes plus bureau et magasin respectivement à EPP de dimansouri et kaptièni,Autre,DIMANSOURI,5000000,p,N,Education,Bureau d'école primaire
2555,Réfection d’un module de trois salles de classes à l’EPP Koudahongou plus équipement en tables bancs,Autre,KOUDAHONGOU,5000000,p,N,Education,Table + bancs pour les écoles primaires
1035,Réfection du toit de l'école,Autre,KOARATÉDJI,5000000,p,N,Education,Module de trois (3) salles de classes + bureau et magasins pour les écoles primaires
1057,Réfection et équipements en mobilier de l'école primaire du village,Autre,KANTORO,5000000,p,N,Education,Module de trois (3) salles de classes + bureau et magasins pour les écoles primaires
2730,Regroupement de campement,Autre,TORA,5000000,p,N,Autre,Autre
1595,Regroupement de campement à Koupagou,Autre,KOUPAGOU-KORONTIÈRE,5000000,p,N,Autre,Autre
1911,Regroupement de campements,Autre,FATIYA,5000000,p,N,Autre,Autre
2655,Regroupement des campement,Autre,COTIAKOU,5000000,p,N,Autre,Autre
622,Regroupement des campements,Autre,BOUGNANKOU,5000000,p,N,Autre,Autre
634,Regroupement des campements peuhl,Autre,SONON,5000000,p,N,Autre,Autre
625,Regroupement des campements peuhl,Autre,GBANDÉ,5000000,p,N,Autre,Autre
628,Regroupement des campements peuhl,Autre,NANIN,5000000,p,N,Autre,Autre
1950,Regroupement et campement,Autre,KOKOKOU,5000000,p,N,Autre,Autre
2397,Réhabilitation/construction de l'AEV de kompa avec la Rehabilitation  de ses bornes Fontaines dans le village et vers le CEG,Autre,KOMPA,5000000,p,N,Accès à l'eau,Adduction d'eau villageoise (AEV)
2563,Réhabilitation de deux forages PMH situés à Tidèmontè Tipaoti centre,Autre,TIPAOTI,5000000,p,N,Accès à l'eau,Forage simple
617,"Réhabilitation de deux modules de trois salles de classe et construction d'un bureau, magasin avec un bloc de latrines à 04 cabines+mobiliers+panneaux solaires photovoltaïques",Autre,KPÉBOURABOU,5000000,p,N,Education,Bureau d'école primaire
1937,Réhabilitation de l’AEV,Autre,KOUSSOUCOINGOU,5000000,p,N,Accès à l'eau,Adduction d'eau villageoise (AEV)
338,Réhabilitation de la maternité,Autre,MAREGUINTA,5000000,p,N,Santé,Lits de maternité et d'hospitalisation
415,Réhabilitation de la maternité et construction d'un dispensaire avec des salles d'hospitalisation et un bloc de latrines à quatre cabines plus équipements médicaux,Autre,GBÉSSAKPÉROU,5000000,p,N,Santé,Dispensaire isolé
1299,Réhabilitation de la pédiatrie et maternité,Autre,TASSI-TÉDJI-BOULANGA,5000000,p,N,Santé,Lits de maternité et d'hospitalisation
1503,Réhabilitation de la piste Nassou-Sonnin-Gbéba,Autre,NASSOU,5000000,p,N,Transport rural (connectivité),Piste de desserte rurale
1512,Réhabilitation de la piste Sinaourarou-sonnin,Autre,SINAOURAROU,5000000,p,N,Transport rural (connectivité),Piste de desserte rurale
2629,Réhabilitation de la piste Titonsi-Holli,Autre,NODI,5000000,p,N,Transport rural (connectivité),Piste de desserte rurale
328,Réhabilitation de la salle de maternité,Autre,GANNOURÈ-HÈRÈ,5000000,p,N,Santé,Lits de maternité et d'hospitalisation
591,Réhabilitation de la toiture du module de trois salles de classes à l'EPP sombiri kperou,Autre,SOMBIRIKPÉROU,5000000,p,N,Education,Module de trois (3) salles de classes + bureau et magasins pour les écoles primaires
2439,Réhabilitation de la von,Autre,BÊKET - GAH,5000000,p,N,Transport rural (connectivité),Piste de desserte rurale
2420,Réhabilitation de l'école,Autre,TORO-ZOUGOU,5000000,p,N,Education,Module de trois (3) salles de classes + bureau et magasins pour les écoles primaires
972,Réhabilitation de l'école maternelle : Modules de classe et équipements des salles de classe en table et banc et bureau des instituteurs,Autre,BANHOUN-KPO,5000000,p,N,Education,Table + chaises pour les écoles maternelles
2318,Réhabilitation de l’EPP BIO GUERRA,Autre,KPÉBIÉ DE PARAKOU1,5000000,p,N,Education,Module de trois (3) salles de classes + bureau et magasins pour les écoles primaires
1289,Réhabilitation de l'EPP ( construction et équipements de salle de classe plus clôture de l'école,Autre,BODJÉCALI,5000000,p,N,Education,Clôture de collèges et lycées
2377,Réhabilitation de l'EPP de Bello-tounga,Autre,BELLO-TOUNGA,5000000,p,N,Education,Module de trois (3) salles de classes + bureau et magasins pour les écoles primaires
1293,Réhabilitation de l'EPP de galiel,Autre,GALIEL,5000000,p,N,Education,Module de trois (3) salles de classes + bureau et magasins pour les écoles primaires
1309,Réhabilitation de l'EPP kotchi,Autre,KOTCHI,5000000,p,N,Education,Module de trois (3) salles de classes + bureau et magasins pour les écoles primaires
1916,Réhabilitation de l’EPP kouwetakouangou,Autre,KOUWETAKOUANGOU,5000000,p,N,Education,Module de trois (3) salles de classes + bureau et magasins pour les écoles primaires
1287,Réhabilitation de l'hôpital,Autre,BODJÉCALI,5000000,p,N,Santé,Lits de maternité et d'hospitalisation
1905,Réhabilitation de l'UVS,Autre,TAKONTA,5000000,p,N,Autre,Autre
2009,Réhabilitation de route et construction d'ouvrages de franchissement,Autre,GBÉNIKI,5000000,p,N,Transport rural (connectivité),Piste de desserte rurale
1513,Réhabilitation des couloirs de passages,Autre,SINAOURAROU,5000000,p,N,Production animale,Aménagement
2405,Réhabilitation des écoles primaire de kara et de Garbey-koara,Autre,GARBEY-KOARA,5000000,p,N,Education,Module de trois (3) salles de classes + bureau et magasins pour les écoles primaires
1617,Réhabilitation des forages et puits,Autre,DIDOMPÊ,5000000,p,N,Accès à l'eau,Forage simple
1622,"Réhabilitation des forages PMH à Tchampè, Koukangou",Autre,KOUSSOUNOUNGOU,5000000,p,N,Accès à l'eau,Forage simple
129,Réhabilitation des pistes rurales version les camps peulhs,Autre,IGBÈRÈ,5000000,p,N,Transport rural (connectivité),Piste de desserte rurale
134,Réhabilitation des pistes rurales vers les camps peulhs,Autre,TÈKÈ-TÉROU,5000000,p,N,Transport rural (connectivité),Piste de desserte rurale
1703,Réhabilitation des puits,Autre,KOUTCHA-KOUMAGOU,5000000,p,N,Autre,Autre
1426,Réhabilitation de trois pompe a motricité humain,Autre,GBASSÈ,5000000,p,N,Autre,Autre
1650,Réhabilitation du barrage,Autre,KOUDOGOU,5000000,p,N,Production végétale,Aménagement
786,Réhabilitation du barrage Agro pastorale,Autre,TAKOU,5000000,p,N,Production animale,Aménagement
2444,Réhabilitation du barrage de Dôh,Autre,DÔH,5000000,p,N,Production végétale,Aménagement
1092,Réhabilitation du barrage de Guéné Zermé pour usage agro-pastoral,Autre,GUÉNÉ-ZERMÉ,5000000,p,N,Production animale,Aménagement
1517,Réhabilitation du barrage de Sinaourarou Gah,Autre,SINAOURAROU-GAH,5000000,p,N,Production végétale,Aménagement
2681,réhabilitation du centre de sante à travers la Construction d'une maternité avec salle d'hospitalisation plusunblocdelatrinesàdeux(02)cabinesetunblocde douches à deux (02) cabines plus pannneaux,Autre,BOUCA-WOOROU,5000000,p,N,Santé,Lits de maternité et d'hospitalisation
2688,réhabilitation du centre de santé  à travers la Construction d'une maternité avec salle d'hospitalisation plus un bloc de latrines à deux (02) cabines et un bloc de douches à deux (02) cabines plus pannneaux solaires photovoltaïques,Autre,GBÉROUGBASSI,5000000,p,N,Santé,Lits de maternité et d'hospitalisation
639,Réhabilitation du centre de santé à travers la construction d'une salle de maternité plus équipements avec latrines à deux cabines et douches au centre de santé de Boa,Autre,BOA,5000000,p,N,Santé,Lits de maternité et d'hospitalisation
655,Réhabilitation du centre de santé avec construction d’une maternité avec salle d’hospitalisation plus un bloc de latrines à deux cabines et un bloc de douche à deux cabines dans le centre de santé de KORODJI,Autre,KORODJI,5000000,p,N,Santé,Lits de maternité et d'hospitalisation
239,Réhabilitation du centre de santé Communautaire pour les soins de l’accident au profit de la communauté,Autre,KPATOUHOU,5000000,p,N,Santé,Lits de maternité et d'hospitalisation
232,Réhabilitation du centre de santé d’arrondissement,Autre,TIMTIM-BONGO,5000000,p,N,Santé,Lits de maternité et d'hospitalisation
2225,Réhabilitation du centre de santé d’arrondissement,Autre,DJAKPINGOU,5000000,p,N,Santé,Lits de maternité et d'hospitalisation
2233,Réhabilitation du centre de santé d’arrondissement,Autre,LÉMAN-BOGOU,5000000,p,N,Santé,Lits de maternité et d'hospitalisation
2238,Réhabilitation du centre de santé d’arrondissement au profit de la communauté,Autre,LÉMAN-MANDÈ,5000000,p,N,Santé,Lits de maternité et d'hospitalisation
2228,Réhabilitation du centre de santé d’arrondissement au profit de la communauté,Autre,KPARSI,5000000,p,N,Santé,Lits de maternité et d'hospitalisation
588,Réhabilitation du centre de santé de Diguidirou,Autre,DIGUIDIROU -PEULH,5000000,p,N,Santé,Lits de maternité et d'hospitalisation
599,Réhabilitation du centre de santé de Guinagourou,Autre,GANDO-ALAFIAROU,5000000,p,N,Santé,Lits de maternité et d'hospitalisation
749,Réhabilitation du centre de santé de péonga à travers la construction d'une maternité avec salle d'hospitalisation,Autre,PÉONGA,5000000,p,N,Santé,Lits de maternité et d'hospitalisation
1385,Réhabilitation du centre de santé de wara,Autre,WARA-GAH,5000000,p,N,Santé,Lits de maternité et d'hospitalisation
456,Réhabilitation du centre de santé en équipements médicaux plus lampadaires solaires à Djegga,Autre,DJILIDJALARÉ,5000000,p,N,Santé,Lits de maternité et d'hospitalisation
770,Réhabilitation du centre de santé en maternité et dispensaires+équipements,Autre,KALALÉ-ZINA,5000000,p,N,Santé,Dispensaire isolé
532,Réhabilitation du centre de santé+paillote et un bloc de latrine à deux cabines et à deux douches,Autre,NASSY,5000000,p,N,Santé,Lits de maternité et d'hospitalisation
719,Réhabilitation du centre de santé plus acquisition déquipements médicaux,Autre,NASSICONZI,5000000,p,N,Santé,Lits de maternité et d'hospitalisation
571,Réhabilitation du centre de santé plus équipements,Autre,GUINAGOUROU-PEULH,5000000,p,N,Santé,Lits de maternité et d'hospitalisation
659,Réhabilitation du centre de santé plus équipements médicaux,Autre,BESSASSI,5000000,p,N,Santé,Lits de maternité et d'hospitalisation
420,Réhabilitation du centre de santé plus équipements médicaux de Dunkassa,Autre,GOROBANI DE DOUKASSA,5000000,p,N,Santé,Lits de maternité et d'hospitalisation
460,Réhabilitation du centre de santé plus équipements médicaux plus lampadaires et papillotes à Dunkassa,Autre,KIRICOUBÈ,5000000,p,N,Santé,Lits de maternité et d'hospitalisation
451,Réhabilitation du centre de santé plus équipements médicaux plus lampadaires solaires et papillotes à Dunkassa,Autre,DANGOROU,5000000,p,N,Santé,Lits de maternité et d'hospitalisation
522,Réhabilitation du dispensaire isolée et construction d'une maternité,Autre,BÉRÉKOUDO,5000000,p,N,Santé,Dispensaire isolé
1919,Réhabilitation du forage PMH à koukontchigou,Autre,TAKPANTA,5000000,p,N,Accès à l'eau,Forage simple
635,Réhabilitation d'un dispensaire isolé et construction d'une maternité plus paillote plus incinérateur et un bloc de latrines à deux douche et deux latrines au centre de santé de sonon,Autre,SONON,5000000,p,N,Santé,Dispensaire isolé
572,Réhabilitation d'une pompe à motricité humaine et réalisation d'une pompe à motricité humaine,Autre,KABADOU,5000000,p,N,Autre,Autre
563,Réhabilitation d'une pompe à motricité humaine et réalisation d'un forage photovoltaïque,Autre,GUINAGOUROU,5000000,p,N,Accès à l'eau,Forage simple
2631,Réhabilitation d’un module de trois classes,Autre,NODI,5000000,p,N,Education,Module de trois (3) salles de classes + bureau et magasins pour les écoles primaires
2332,Réhabilitation  d'un  ouvrage de franchissement reliant titirou  et  okedama,Autre,GOUNIN DE PARAKOU1,5000000,p,N,Transport rural (connectivité),Piste de desserte rurale
868,Réhabilitation du pont à l’entrée du village de Sinagourou,Autre,SINANGOUROU,5000000,p,N,Transport rural (connectivité),Piste de desserte rurale
1227,Réhabilitation et acquisition d’équipements au profit du Centre de Santé d’Arrondissement (CSA) de Garou,Autre,DJINDÉGABI-TOUNGA,5000000,p,N,Santé,Lits de maternité et d'hospitalisation
582,Réhabilitation et acquisitions d'équipements au centre de santé de Diguidirou,Autre,DIGUIDIROU,5000000,p,N,Santé,Lits de maternité et d'hospitalisation
700,Réhabilitation et extension du centre de santé,Autre,GUINROU-PEULH,5000000,p,N,Santé,Lits de maternité et d'hospitalisation
620,Réhabilitation et extension du centre de santé d'arrondissement de tasso,Autre,TASSO,5000000,p,N,Santé,Lits de maternité et d'hospitalisation
1161,Réhabilitation et mise en service de l'installation solaire,Éclairage public solaire,SOROKO YOROUNON,5000000,p,N,Énergie et éclairage,Éclairage public solaire
1433,Réhabilitation et mise service du centre de santé communautaire,Autre,ZONZI,5000000,p,N,Santé,Lits de maternité et d'hospitalisation
1968,Réhabilitation et surcreusement  du barrage,Autre,TONTAROU,5000000,p,N,Production végétale,Aménagement
2286,"Réhabilitation, extension et équipements au centre de santé de Sandilo",Autre,ASSAGNAHOUN,5000000,p,N,Santé,Lits de maternité et d'hospitalisation
74,Réhabilitation pour la mise aux normes du marché de bétail de Madjatom,Autre,MADJATOM,5000000,p,N,Infrastructure marchande,Marché de bétail
1137,Réhabiliter les forages d'eau potable du village,Autre,MOKOLLÉ,5000000,p,N,Accès à l'eau,Forage simple
318,Réhalisation de bâtiments scolaires,Autre,PARTAGO,5000000,p,N,Education,Module de trois (3) salles de classes + bureau et magasins pour les écoles primaires
1748,Rendes infrastructures d’électrification hors réseau,Électrification rurale hors réseau,GOGONIGA,5000000,p,N,Énergie et éclairage,Électrification rurale hors réseau
2252,Renforcement de la plantation d’anacarde communautaire au profit de la communauté,Autre,DÉNDOUGOU,5000000,p,N,Autre,Autre
46,Renforcement du centre de santé de Anandana,Autre,KOUBÉNÉBÉNÉ,5000000,p,N,Santé,Centre de santé d'arrondissement (CSA) ou Centre de santé de commune (CSC)
2258,Renforcement du plateau du médicament ou pharmacie du centre de santé d’arrondissement au profit de la communauté,Autre,FORMAGAZI,5000000,p,N,Santé,Dispensaire isolé
1940,Renforcement du plateau technique de soins du centre de santé,Autre,BORIBANSIFA,5000000,p,N,Santé,Centre de santé d'arrondissement (CSA) ou Centre de santé de commune (CSC)
1883,Rénovation du centre de santé de Kouandata,Autre,KOUNADORGOU,5000000,p,N,Santé,Centre de santé d'arrondissement (CSA) ou Centre de santé de commune (CSC)
384,Réparation de deux pompes d'adduction d'eau villageoise en panne,Autre,GNELSANDA,5000000,p,N,Accès à l'eau,Adduction d'eau villageoise (AEV)
2371,Reprofilage des von,Autre,TITIROU,5000000,p,N,Transport rural (connectivité),Piste de desserte rurale
2472,Retenu d'eau,Autre,GOUANDÉ,5000000,p,N,Autre,Autre
2453,Retenu d'eau,Autre,KOUNTORI,5000000,p,N,Autre,Autre
2478,Retenu d'eau,Autre,KANDEGUEHOUN,5000000,p,N,Autre,Autre
2450,Retenu d'eau,Autre,SINNI,5000000,p,N,Autre,Autre
1877,Retenu d’eau,Autre,KOUANDATA,5000000,p,N,Autre,Autre
249,Retenue d'eau,Autre,AWO,5000000,p,N,Production végétale,Aménagement
1435,Retenue d'eau,Autre,ZONZI,5000000,p,N,Production végétale,Aménagement
1871,Retenue d'eau,Autre,ZANNIOURI,5000000,p,N,Production végétale,Aménagement
2004,Retenue d'eau,Autre,GANTIÉCO,5000000,p,N,Production végétale,Aménagement
1711,Retenue d'eau,Autre,SAKASSON-DITAMARI,5000000,p,N,Production végétale,Aménagement
2477,Retenue d'eau,Autre,KANDEGUEHOUN,5000000,p,N,Production végétale,Aménagement
253,Retenue d'eau,Autre,BAYAKOU,5000000,p,N,Production végétale,Aménagement
247,Retenue d'eau,Autre,SALMANGA,5000000,p,N,Production végétale,Aménagement
2149,Retenue d’eau,Autre,AGBANDARÈ,5000000,p,N,Production végétale,Aménagement
1881,Retenue d'eau plus abreuvoir,Autre,KOUNADORGOU,5000000,p,N,Production animale,Alimentation
2482,Retenus d'eau,Autre,TASSAHOUN,5000000,p,N,Autre,Autre
2459,Rizeri,Autre,DOGA DE GOUANDE,5000000,p,N,Autre,Autre
2454,Route,Autre,KOUNTORI,5000000,p,N,Transport rural (connectivité),Piste de desserte rurale
269,Route partago rivière terrou,Autre,DABOGOU,5000000,p,N,Transport rural (connectivité),Piste de desserte rurale
2465,Routes,Autre,DOGA DE GOUANDE,5000000,p,N,Transport rural (connectivité),Piste de desserte rurale
2470,Routes,Autre,DOGA DE GOUANDE,5000000,p,N,Transport rural (connectivité),Piste de desserte rurale
2480,Routes,Autre,KANDEGUEHOUN,5000000,p,N,Transport rural (connectivité),Piste de desserte rurale
2486,Routes,Autre,TASSAHOUN,5000000,p,N,Transport rural (connectivité),Piste de desserte rurale
2359,Salle de classe,Autre,SINAGOUROU,5000000,p,N,Education,Module de trois (3) salles de classes + bureau et magasins pour les écoles primaires
2356,Salle de classe,Autre,BAKPÉROU,5000000,p,N,Education,Module de trois (3) salles de classes + bureau et magasins pour les écoles primaires
2366,Salle de classe,Autre,BÈYAROU,5000000,p,N,Education,Module de trois (3) salles de classes + bureau et magasins pour les écoles primaires
1573,Salle de classe et mobilier,Autre,OTANONGOU,5000000,p,N,Education,Module de trois (3) salles de classes + bureau et magasins pour les écoles primaires
586,Sécurisation de couloirs de passage,Autre,DIGUIDIROU -PEULH,5000000,p,N,Production animale,Aménagement
2287,Sécurisation de couloirs de passage des animaux et organisation des de sensibilisation des éleveurs et agriculteurs à Assagnahoun et riverains,Autre,ASSAGNAHOUN,5000000,p,N,Production animale,Aménagement
593,Sécurisation des couloirs de passage des animaux,Autre,SOMBIRIKPÉROU,5000000,p,N,Production animale,Aménagement
2292,Sécurisation des couloirs de passage des animaux sur 15 km à travers l'implantation de bornes de délimitation,Autre,SANDILO,5000000,p,N,Production animale,Aménagement
2455,Sécurité,Autre,KOUNTORI,5000000,p,N,Autre,Autre
2572,Toilette dans le marché,Autre,IKOUNGA,5000000,p,N,Infrastructure marchande,Hangar de marché
835,Traçage de couloir de passage et construction de puits fourragère,Autre,SANSI,5000000,p,N,Production animale,Aménagement
881,Travaux d'aménagement du bafond en espace public,Autre,BOUNDAROU,5000000,p,N,Production végétale,Aménagement
937,Travaux de réhabilitation du barrage de Boukoussera pour servir d'abreuvoir et de pisciculture,Autre,BOUKOUSSÉRA,5000000,p,N,Production animale,Alimentation
938,Travaux d'ouverture de la voie quittant la route principale de kinnoukpanou pour Boukoussera distance de 2km,Autre,BOUKOUSSÉRA,5000000,p,N,Transport rural (connectivité),Piste de desserte rurale
2345,Von,Autre,CAMP-ADAGBÈ,5000000,p,N,Transport rural (connectivité),Piste de desserte rurale
2360,Von,Autre,SINAGOUROU,5000000,p,N,Transport rural (connectivité),Piste de desserte rurale
2349,Von,Autre,DAMAGOUROU,5000000,p,N,Transport rural (connectivité),Piste de desserte rurale
2363,Von,Autre,BÈYAROU,5000000,p,N,Transport rural (connectivité),Piste de desserte rurale
2354,Von,Autre,BAKPÉROU,5000000,p,N,Transport rural (connectivité),Piste de desserte rurale
